level	page_num	par_num	block_num	line_num	word_num	left	top	width	height	conf	text
1	1	0	0	0	0	0.000000	0.000000	612.000000	792.000000	-1	###PAGE###
3	1	0	0	0	0	310.445600	29.495796	239.337356	34.086131	-1	###FLOW###
4	1	0	0	0	0	310.445600	29.495796	239.337356	34.086131	-1	###LINE###
5	1	0	0	0	0	310.45	29.50	43.58	34.09	100	Your
5	1	0	0	0	1	359.34	29.50	58.99	34.09	100	FedEx
5	1	0	0	0	2	423.66	29.50	46.90	34.09	100	zone
5	1	0	0	0	3	475.88	29.50	67.42	34.09	100	locator
5	1	0	0	0	4	543.29	31.88	6.49	17.58	100	1
3	1	0	1	0	0	45.000100	79.676100	132.381000	11.799000	-1	###FLOW###
4	1	0	1	0	0	45.000100	79.676100	132.381000	11.799000	-1	###LINE###
5	1	0	1	0	0	45.00	79.68	10.85	11.80	100	For
5	1	0	1	0	1	57.59	79.68	34.23	11.80	100	shipments
5	1	0	1	0	2	93.57	79.68	35.84	11.80	100	originating
5	1	0	1	0	3	131.15	79.68	5.85	11.80	100	in
5	1	0	1	0	4	138.75	79.68	10.76	11.80	100	ZIP
5	1	0	1	0	5	151.26	79.68	26.12	11.80	100	code(s):
3	1	1	0	0	0	223.736300	79.680200	155.097000	63.792000	-1	###FLOW###
4	1	1	0	0	0	223.736300	79.680200	73.404000	11.799000	-1	###LINE###
5	1	1	0	0	0	223.74	79.68	15.77	11.80	100	How
5	1	1	0	0	1	240.62	79.68	7.54	11.80	100	to
5	1	1	0	0	2	249.28	79.68	11.93	11.80	100	use
5	1	1	0	0	3	262.33	79.68	13.07	11.80	100	this
5	1	1	0	0	4	276.51	79.68	20.63	11.80	100	chart:
4	1	1	0	1	0	223.736300	91.677200	155.097000	11.799000	-1	###LINE###
5	1	1	0	1	0	223.74	91.68	28.27	11.80	100	Shipping
5	1	1	0	1	1	253.49	91.68	13.86	11.80	100	with
5	1	1	0	1	2	268.84	91.68	19.70	11.80	100	FedEx
5	1	1	0	1	3	290.02	91.68	49.06	11.80	100	distance-based
5	1	1	0	1	4	340.57	91.68	15.97	11.80	100	rates
5	1	1	0	1	5	358.02	91.68	4.87	11.80	100	is
5	1	1	0	1	6	364.37	91.68	14.46	11.80	100	easy
4	1	1	0	2	0	223.736300	101.676200	142.515000	11.799000	-1	###LINE###
5	1	1	0	2	0	223.74	101.68	13.86	11.80	100	with
5	1	1	0	2	1	239.08	101.68	11.59	11.80	100	this
5	1	1	0	2	2	252.16	101.68	15.43	11.80	100	zone
5	1	1	0	2	3	269.07	101.68	22.26	11.80	100	locator
5	1	1	0	2	4	292.81	101.68	26.95	11.80	100	specially
5	1	1	0	2	5	321.25	101.68	36.67	11.80	100	customized
5	1	1	0	2	6	359.40	101.68	6.85	11.80	100	to
4	1	1	0	3	0	223.736300	111.675200	151.047000	11.799000	-1	###LINE###
5	1	1	0	3	0	223.74	111.68	14.36	11.80	100	your
5	1	1	0	3	1	239.59	111.68	18.96	11.80	100	origin
5	1	1	0	3	2	260.30	111.68	27.91	11.80	100	location.
5	1	1	0	3	3	289.97	111.68	4.72	11.80	100	It
5	1	1	0	3	4	296.44	111.68	20.65	11.80	100	shows
5	1	1	0	3	5	318.84	111.68	11.01	11.80	100	the
5	1	1	0	3	6	331.60	111.68	15.83	11.80	100	zone
5	1	1	0	3	7	349.19	111.68	9.47	11.80	100	for
5	1	1	0	3	8	360.41	111.68	14.37	11.80	100	any-
4	1	1	0	4	0	223.745300	121.674200	146.367000	11.799000	-1	###LINE###
5	1	1	0	4	0	223.75	121.67	20.29	11.80	100	where
5	1	1	0	4	1	245.80	121.67	14.36	11.80	100	your
5	1	1	0	4	2	261.64	121.67	19.70	11.80	100	FedEx
5	1	1	0	4	3	282.83	121.67	28.46	11.80	100	Express®
5	1	1	0	4	4	312.77	121.67	6.94	11.80	100	or
5	1	1	0	4	5	321.20	121.67	19.70	11.80	100	FedEx
5	1	1	0	4	6	342.38	121.67	27.73	11.80	100	Ground®
4	1	1	0	5	0	223.754300	131.673200	112.104000	11.799000	-1	###LINE###
5	1	1	0	5	0	223.75	131.67	29.95	11.80	100	shipment
5	1	1	0	5	1	255.19	131.67	4.87	11.80	100	is
5	1	1	0	5	2	261.55	131.67	19.95	11.80	100	going.
5	1	1	0	5	3	282.98	131.67	19.62	11.80	100	Here’s
5	1	1	0	5	4	304.09	131.67	6.93	11.80	100	all
5	1	1	0	5	5	312.50	131.67	11.76	11.80	100	you
5	1	1	0	5	6	325.75	131.67	10.11	11.80	100	do:
3	1	2	0	0	0	45.000000	100.340000	46.440000	9.000000	-1	###FLOW###
4	1	2	0	0	0	45.000000	100.340000	46.440000	9.000000	-1	###LINE###
5	1	2	0	0	0	45.00	100.34	46.44	9.00	100	07000-07699
3	1	3	0	0	0	45.018100	137.672100	85.239600	11.799000	-1	###FLOW###
4	1	3	0	0	0	45.018100	137.672100	85.239600	11.799000	-1	###LINE###
5	1	3	0	0	0	45.02	137.67	30.83	11.80	100	Effective:
5	1	3	0	0	1	77.70	137.67	26.71	11.80	100	January
5	1	3	0	0	2	106.23	138.19	5.66	11.14	100	3,
5	1	3	0	0	3	113.63	138.19	16.63	11.14	100	2022
3	1	4	0	0	0	402.854300	79.671200	177.417000	69.831000	-1	###FLOW###
4	1	4	0	0	0	402.854300	79.671200	169.920900	11.799000	-1	###LINE###
5	1	4	0	0	0	402.85	79.67	6.35	11.80	100	1.
5	1	4	0	0	1	410.32	79.67	13.84	11.80	100	Find
5	1	4	0	0	2	425.65	79.67	14.36	11.80	100	your
5	1	4	0	0	3	441.50	79.67	32.35	11.80	100	recipient’s
5	1	4	0	0	4	475.34	79.67	10.49	11.80	100	ZIP
5	1	4	0	0	5	487.31	79.67	15.80	11.80	100	code
5	1	4	0	0	6	504.59	79.67	5.71	11.80	100	in
5	1	4	0	0	7	511.78	79.67	11.59	11.80	100	this
5	1	4	0	0	8	524.86	79.67	9.06	11.80	100	list
5	1	4	0	0	9	535.41	79.67	17.21	11.80	100	using
5	1	4	0	0	10	554.10	79.67	18.67	11.80	100	either
4	1	4	0	1	0	410.324300	88.671200	161.408700	11.799000	-1	###LINE###
5	1	4	0	1	0	410.32	88.67	10.83	11.80	100	the
5	1	4	0	1	1	422.72	88.67	12.96	11.80	100	first
5	1	4	0	1	2	437.26	88.67	17.17	11.80	100	three
5	1	4	0	1	3	456.00	88.67	17.91	11.80	100	digits
5	1	4	0	1	4	475.48	88.67	6.98	11.80	100	or
5	1	4	0	1	5	484.04	88.67	10.83	11.80	100	the
5	1	4	0	1	6	496.44	88.67	9.85	11.80	100	full
5	1	4	0	1	7	507.86	88.67	10.57	11.80	100	ZIP
5	1	4	0	1	8	520.00	88.67	17.43	11.80	100	code,
5	1	4	0	1	9	539.01	88.67	32.72	11.80	100	whichever
4	1	4	0	2	0	410.324300	97.671200	28.764000	11.799000	-1	###LINE###
5	1	4	0	2	0	410.32	97.67	4.87	11.80	100	is
5	1	4	0	2	1	416.68	97.67	22.41	11.80	100	shown.
4	1	4	0	3	0	402.854300	108.687200	172.091700	11.799000	-1	###LINE###
5	1	4	0	3	0	402.85	108.69	6.49	11.80	100	2.
5	1	4	0	3	1	410.95	108.69	12.21	11.80	100	See
5	1	4	0	3	2	424.91	108.69	19.33	11.80	100	which
5	1	4	0	3	3	445.99	108.69	15.83	11.80	100	zone
5	1	4	0	3	4	463.58	108.69	11.01	11.80	100	the
5	1	4	0	3	5	476.35	108.69	10.76	11.80	100	ZIP
5	1	4	0	3	6	488.86	108.69	16.20	11.80	100	code
5	1	4	0	3	7	506.81	108.69	41.14	11.80	100	corresponds
5	1	4	0	3	8	549.71	108.69	8.31	11.80	100	to,
5	1	4	0	3	9	559.77	108.69	15.18	11.80	100	then
4	1	4	0	4	0	410.954300	117.687200	167.328900	11.799000	-1	###LINE###
5	1	4	0	4	0	410.95	117.69	13.37	11.80	100	turn
5	1	4	0	4	1	425.71	117.69	6.80	11.80	100	to
5	1	4	0	4	2	433.91	117.69	13.11	11.80	100	that
5	1	4	0	4	3	448.42	117.69	15.29	11.80	100	zone
5	1	4	0	4	4	465.10	117.69	5.67	11.80	100	in
5	1	4	0	4	5	472.17	117.69	10.65	11.80	100	the
5	1	4	0	4	6	484.21	117.69	37.09	11.80	100	appropriate
5	1	4	0	4	7	522.69	117.69	19.52	11.80	100	FedEx
5	1	4	0	4	8	543.61	117.69	12.55	11.80	100	rate
5	1	4	0	4	9	557.56	117.69	20.73	11.80	100	tables.
4	1	4	0	5	0	402.854300	128.703200	177.417000	11.799000	-1	###LINE###
5	1	4	0	5	0	402.85	128.70	6.35	11.80	100	3.
5	1	4	0	5	1	410.55	128.70	13.84	11.80	100	Find
5	1	4	0	5	2	425.88	128.70	14.36	11.80	100	your
5	1	4	0	5	3	441.73	128.70	12.69	11.80	100	rate
5	1	4	0	5	4	455.90	128.70	18.95	11.80	100	under
5	1	4	0	5	5	476.34	128.70	10.74	11.80	100	the
5	1	4	0	5	6	488.56	128.70	29.95	11.80	100	shipment
5	1	4	0	5	7	520.00	128.70	21.82	11.80	100	weight
5	1	4	0	5	8	543.31	128.70	12.27	11.80	100	and
5	1	4	0	5	9	557.06	128.70	23.21	11.80	100	FedEx®
4	1	4	0	6	0	410.549300	137.703200	61.533000	11.799000	-1	###LINE###
5	1	4	0	6	0	410.55	137.70	22.03	11.80	100	service
5	1	4	0	6	1	434.07	137.70	11.76	11.80	100	you
5	1	4	0	6	2	447.31	137.70	24.77	11.80	100	choose.
3	1	5	0	0	0	46.478100	156.719300	74.460000	15.732000	-1	###FLOW###
4	1	5	0	0	0	46.478100	156.719300	74.460000	15.732000	-1	###LINE###
5	1	5	0	0	0	46.48	156.72	54.37	15.73	100	Contiguous
5	1	5	0	0	1	102.82	156.72	18.12	15.73	100	U.S.
3	1	5	1	0	0	46.478100	175.079300	42.847000	9.177000	-1	###FLOW###
4	1	5	1	0	0	46.478100	175.079300	42.847000	9.177000	-1	###LINE###
5	1	5	1	0	0	46.48	175.08	32.59	9.18	100	Destination
5	1	5	1	0	1	80.22	175.08	9.11	9.18	100	ZIP
3	1	6	0	0	0	98.481100	175.079300	13.853000	9.177000	-1	###FLOW###
4	1	6	0	0	0	98.481100	175.079300	13.853000	9.177000	-1	###LINE###
5	1	6	0	0	0	98.48	175.08	13.85	9.18	100	Zone
3	1	7	0	0	0	124.479100	175.079300	42.847000	9.177000	-1	###FLOW###
4	1	7	0	0	0	124.479100	175.079300	42.847000	9.177000	-1	###LINE###
5	1	7	0	0	0	124.48	175.08	32.59	9.18	100	Destination
5	1	7	0	0	1	158.22	175.08	9.11	9.18	100	ZIP
3	1	8	0	0	0	176.482100	175.079300	13.853000	9.177000	-1	###FLOW###
4	1	8	0	0	0	176.482100	175.079300	13.853000	9.177000	-1	###LINE###
5	1	8	0	0	0	176.48	175.08	13.85	9.18	100	Zone
3	1	9	0	0	0	202.480100	175.079300	42.847000	9.177000	-1	###FLOW###
4	1	9	0	0	0	202.480100	175.079300	42.847000	9.177000	-1	###LINE###
5	1	9	0	0	0	202.48	175.08	32.59	9.18	100	Destination
5	1	9	0	0	1	236.22	175.08	9.11	9.18	100	ZIP
3	1	10	0	0	0	254.483100	175.079300	13.853000	9.177000	-1	###FLOW###
4	1	10	0	0	0	254.483100	175.079300	13.853000	9.177000	-1	###LINE###
5	1	10	0	0	0	254.48	175.08	13.85	9.18	100	Zone
3	1	11	0	0	0	280.481100	175.079300	42.847000	9.177000	-1	###FLOW###
4	1	11	0	0	0	280.481100	175.079300	42.847000	9.177000	-1	###LINE###
5	1	11	0	0	0	280.48	175.08	32.59	9.18	100	Destination
5	1	11	0	0	1	314.22	175.08	9.11	9.18	100	ZIP
3	1	12	0	0	0	332.484100	175.079300	13.853000	9.177000	-1	###FLOW###
4	1	12	0	0	0	332.484100	175.079300	13.853000	9.177000	-1	###LINE###
5	1	12	0	0	0	332.48	175.08	13.85	9.18	100	Zone
3	1	13	0	0	0	46.500000	188.340000	46.440000	291.500000	-1	###FLOW###
4	1	13	0	0	0	46.500000	188.340000	46.440000	9.000000	-1	###LINE###
5	1	13	0	0	0	46.50	188.34	46.44	9.00	100	00000-00399
4	1	13	0	1	0	46.500000	195.840000	46.440000	9.000000	-1	###LINE###
5	1	13	0	1	0	46.50	195.84	46.44	9.00	100	00400-00599
4	1	13	0	2	0	46.500000	203.340000	46.440000	9.000000	-1	###LINE###
5	1	13	0	2	0	46.50	203.34	46.44	9.00	100	01000-01399
4	1	13	0	3	0	46.500000	210.840000	46.440000	9.000000	-1	###LINE###
5	1	13	0	3	0	46.50	210.84	46.44	9.00	100	01400-01499
4	1	13	0	4	0	46.500000	218.340000	46.440000	9.000000	-1	###LINE###
5	1	13	0	4	0	46.50	218.34	46.44	9.00	100	01500-01699
4	1	13	0	5	0	46.500000	225.840000	46.440000	9.000000	-1	###LINE###
5	1	13	0	5	0	46.50	225.84	46.44	9.00	100	01700-04299
4	1	13	0	6	0	46.500000	237.340000	46.440000	9.000000	-1	###LINE###
5	1	13	0	6	0	46.50	237.34	46.44	9.00	100	04300-04499
4	1	13	0	7	0	46.500000	244.840000	46.440000	9.000000	-1	###LINE###
5	1	13	0	7	0	46.50	244.84	46.44	9.00	100	04500-04599
4	1	13	0	8	0	46.500000	252.340000	46.440000	9.000000	-1	###LINE###
5	1	13	0	8	0	46.50	252.34	46.44	9.00	100	04600-04999
4	1	13	0	9	0	46.500000	259.840000	46.440000	9.000000	-1	###LINE###
5	1	13	0	9	0	46.50	259.84	46.44	9.00	100	05000-05199
4	1	13	0	10	0	46.500000	267.340000	46.440000	9.000000	-1	###LINE###
5	1	13	0	10	0	46.50	267.34	46.44	9.00	100	05200-05399
4	1	13	0	11	0	46.500000	274.840000	46.440000	9.000000	-1	###LINE###
5	1	13	0	11	0	46.50	274.84	46.44	9.00	100	05400-05999
4	1	13	0	12	0	46.500000	286.340000	46.440000	9.000000	-1	###LINE###
5	1	13	0	12	0	46.50	286.34	46.44	9.00	100	06000-12799
4	1	13	0	13	0	46.500000	293.840000	46.440000	9.000000	-1	###LINE###
5	1	13	0	13	0	46.50	293.84	46.44	9.00	100	12800-13699
4	1	13	0	14	0	46.500000	301.340000	46.440000	9.000000	-1	###LINE###
5	1	13	0	14	0	46.50	301.34	46.44	9.00	100	13700-13999
4	1	13	0	15	0	46.500000	308.840000	46.440000	9.000000	-1	###LINE###
5	1	13	0	15	0	46.50	308.84	46.44	9.00	100	14000-14799
4	1	13	0	16	0	46.500000	316.340000	46.440000	9.000000	-1	###LINE###
5	1	13	0	16	0	46.50	316.34	46.44	9.00	100	14800-14999
4	1	13	0	17	0	46.500000	323.840000	46.440000	9.000000	-1	###LINE###
5	1	13	0	17	0	46.50	323.84	46.44	9.00	100	15000-15399
4	1	13	0	18	0	46.500000	335.340000	46.440000	9.000000	-1	###LINE###
5	1	13	0	18	0	46.50	335.34	46.44	9.00	100	15400-16399
4	1	13	0	19	0	46.500000	342.840000	46.440000	9.000000	-1	###LINE###
5	1	13	0	19	0	46.50	342.84	46.44	9.00	100	16400-16599
4	1	13	0	20	0	46.500000	350.340000	46.440000	9.000000	-1	###LINE###
5	1	13	0	20	0	46.50	350.34	46.44	9.00	100	16600-16999
4	1	13	0	21	0	46.500000	357.840000	46.440000	9.000000	-1	###LINE###
5	1	13	0	21	0	46.50	357.84	46.44	9.00	100	17000-19999
4	1	13	0	22	0	46.500000	365.340000	46.440000	9.000000	-1	###LINE###
5	1	13	0	22	0	46.50	365.34	46.44	9.00	100	20000-20999
4	1	13	0	23	0	46.500000	372.840000	46.440000	9.000000	-1	###LINE###
5	1	13	0	23	0	46.50	372.84	46.44	9.00	100	21000-21399
4	1	13	0	24	0	46.500000	384.340000	46.440000	9.000000	-1	###LINE###
5	1	13	0	24	0	46.50	384.34	46.44	9.00	100	21400-21899
4	1	13	0	25	0	46.500000	391.840000	46.440000	9.000000	-1	###LINE###
5	1	13	0	25	0	46.50	391.84	46.44	9.00	100	21900-21999
4	1	13	0	26	0	46.500000	399.340000	46.440000	9.000000	-1	###LINE###
5	1	13	0	26	0	46.50	399.34	46.44	9.00	100	22000-23899
4	1	13	0	27	0	46.500000	406.840000	46.440000	9.000000	-1	###LINE###
5	1	13	0	27	0	46.50	406.84	46.44	9.00	100	23900-24399
4	1	13	0	28	0	46.500000	414.340000	46.440000	9.000000	-1	###LINE###
5	1	13	0	28	0	46.50	414.34	46.44	9.00	100	24400-24499
4	1	13	0	29	0	46.500000	421.840000	46.440000	9.000000	-1	###LINE###
5	1	13	0	29	0	46.50	421.84	46.44	9.00	100	24500-25399
4	1	13	0	30	0	46.500000	433.340000	46.440000	9.000000	-1	###LINE###
5	1	13	0	30	0	46.50	433.34	46.44	9.00	100	25400-25499
4	1	13	0	31	0	46.500000	440.840000	46.440000	9.000000	-1	###LINE###
5	1	13	0	31	0	46.50	440.84	46.44	9.00	100	25500-26499
4	1	13	0	32	0	46.500000	448.340000	46.440000	9.000000	-1	###LINE###
5	1	13	0	32	0	46.50	448.34	46.44	9.00	100	26500-26599
4	1	13	0	33	0	46.500000	455.840000	46.440000	9.000000	-1	###LINE###
5	1	13	0	33	0	46.50	455.84	46.44	9.00	100	26600-26699
4	1	13	0	34	0	46.500000	463.340000	46.440000	9.000000	-1	###LINE###
5	1	13	0	34	0	46.50	463.34	46.44	9.00	100	26700-26899
4	1	13	0	35	0	46.500000	470.840000	46.440000	9.000000	-1	###LINE###
5	1	13	0	35	0	46.50	470.84	46.44	9.00	100	26900-26999
3	1	14	0	0	0	102.500000	188.340000	10.125000	291.500000	-1	###FLOW###
4	1	14	0	0	0	102.500000	188.340000	10.125000	9.000000	-1	###LINE###
5	1	14	0	0	0	102.50	188.34	10.13	9.00	100	NA
4	1	14	0	1	0	102.500000	195.840000	4.356000	9.000000	-1	###LINE###
5	1	14	0	1	0	102.50	195.84	4.36	9.00	100	2
4	1	14	0	2	0	102.500000	203.340000	4.356000	9.000000	-1	###LINE###
5	1	14	0	2	0	102.50	203.34	4.36	9.00	100	2
4	1	14	0	3	0	102.500000	210.840000	4.356000	9.000000	-1	###LINE###
5	1	14	0	3	0	102.50	210.84	4.36	9.00	100	3
4	1	14	0	4	0	102.500000	218.340000	4.356000	9.000000	-1	###LINE###
5	1	14	0	4	0	102.50	218.34	4.36	9.00	100	2
4	1	14	0	5	0	102.500000	225.840000	4.356000	9.000000	-1	###LINE###
5	1	14	0	5	0	102.50	225.84	4.36	9.00	100	3
4	1	14	0	6	0	102.500000	237.340000	4.356000	9.000000	-1	###LINE###
5	1	14	0	6	0	102.50	237.34	4.36	9.00	100	4
4	1	14	0	7	0	102.500000	244.840000	4.356000	9.000000	-1	###LINE###
5	1	14	0	7	0	102.50	244.84	4.36	9.00	100	3
4	1	14	0	8	0	102.500000	252.340000	4.356000	9.000000	-1	###LINE###
5	1	14	0	8	0	102.50	252.34	4.36	9.00	100	4
4	1	14	0	9	0	102.500000	259.840000	4.356000	9.000000	-1	###LINE###
5	1	14	0	9	0	102.50	259.84	4.36	9.00	100	3
4	1	14	0	10	0	102.500000	267.340000	4.356000	9.000000	-1	###LINE###
5	1	14	0	10	0	102.50	267.34	4.36	9.00	100	2
4	1	14	0	11	0	102.500000	274.840000	4.356000	9.000000	-1	###LINE###
5	1	14	0	11	0	102.50	274.84	4.36	9.00	100	3
4	1	14	0	12	0	102.500000	286.340000	4.356000	9.000000	-1	###LINE###
5	1	14	0	12	0	102.50	286.34	4.36	9.00	100	2
4	1	14	0	13	0	102.500000	293.840000	4.356000	9.000000	-1	###LINE###
5	1	14	0	13	0	102.50	293.84	4.36	9.00	100	3
4	1	14	0	14	0	102.500000	301.340000	4.356000	9.000000	-1	###LINE###
5	1	14	0	14	0	102.50	301.34	4.36	9.00	100	2
4	1	14	0	15	0	102.500000	308.840000	4.356000	9.000000	-1	###LINE###
5	1	14	0	15	0	102.50	308.84	4.36	9.00	100	3
4	1	14	0	16	0	102.500000	316.340000	4.356000	9.000000	-1	###LINE###
5	1	14	0	16	0	102.50	316.34	4.36	9.00	100	2
4	1	14	0	17	0	102.500000	323.840000	4.356000	9.000000	-1	###LINE###
5	1	14	0	17	0	102.50	323.84	4.36	9.00	100	4
4	1	14	0	18	0	102.500000	335.340000	4.356000	9.000000	-1	###LINE###
5	1	14	0	18	0	102.50	335.34	4.36	9.00	100	3
4	1	14	0	19	0	102.500000	342.840000	4.356000	9.000000	-1	###LINE###
5	1	14	0	19	0	102.50	342.84	4.36	9.00	100	4
4	1	14	0	20	0	102.500000	350.340000	4.356000	9.000000	-1	###LINE###
5	1	14	0	20	0	102.50	350.34	4.36	9.00	100	3
4	1	14	0	21	0	102.500000	357.840000	4.356000	9.000000	-1	###LINE###
5	1	14	0	21	0	102.50	357.84	4.36	9.00	100	2
4	1	14	0	22	0	102.500000	365.340000	4.356000	9.000000	-1	###LINE###
5	1	14	0	22	0	102.50	365.34	4.36	9.00	100	3
4	1	14	0	23	0	102.500000	372.840000	4.356000	9.000000	-1	###LINE###
5	1	14	0	23	0	102.50	372.84	4.36	9.00	100	2
4	1	14	0	24	0	102.500000	384.340000	4.356000	9.000000	-1	###LINE###
5	1	14	0	24	0	102.50	384.34	4.36	9.00	100	3
4	1	14	0	25	0	102.500000	391.840000	4.356000	9.000000	-1	###LINE###
5	1	14	0	25	0	102.50	391.84	4.36	9.00	100	2
4	1	14	0	26	0	102.500000	399.340000	4.356000	9.000000	-1	###LINE###
5	1	14	0	26	0	102.50	399.34	4.36	9.00	100	3
4	1	14	0	27	0	102.500000	406.840000	4.356000	9.000000	-1	###LINE###
5	1	14	0	27	0	102.50	406.84	4.36	9.00	100	4
4	1	14	0	28	0	102.500000	414.340000	4.356000	9.000000	-1	###LINE###
5	1	14	0	28	0	102.50	414.34	4.36	9.00	100	3
4	1	14	0	29	0	102.500000	421.840000	4.356000	9.000000	-1	###LINE###
5	1	14	0	29	0	102.50	421.84	4.36	9.00	100	4
4	1	14	0	30	0	102.500000	433.340000	4.356000	9.000000	-1	###LINE###
5	1	14	0	30	0	102.50	433.34	4.36	9.00	100	3
4	1	14	0	31	0	102.500000	440.840000	4.356000	9.000000	-1	###LINE###
5	1	14	0	31	0	102.50	440.84	4.36	9.00	100	4
4	1	14	0	32	0	102.500000	448.340000	4.356000	9.000000	-1	###LINE###
5	1	14	0	32	0	102.50	448.34	4.36	9.00	100	3
4	1	14	0	33	0	102.500000	455.840000	4.356000	9.000000	-1	###LINE###
5	1	14	0	33	0	102.50	455.84	4.36	9.00	100	4
4	1	14	0	34	0	102.500000	463.340000	4.356000	9.000000	-1	###LINE###
5	1	14	0	34	0	102.50	463.34	4.36	9.00	100	3
4	1	14	0	35	0	102.500000	470.840000	10.125000	9.000000	-1	###LINE###
5	1	14	0	35	0	102.50	470.84	10.13	9.00	100	NA
3	1	15	0	0	0	124.500000	188.340000	46.440000	291.500000	-1	###FLOW###
4	1	15	0	0	0	124.500000	188.340000	46.440000	9.000000	-1	###LINE###
5	1	15	0	0	0	124.50	188.34	46.44	9.00	100	27000-28899
4	1	15	0	1	0	124.500000	195.840000	46.440000	9.000000	-1	###LINE###
5	1	15	0	1	0	124.50	195.84	46.44	9.00	100	28900-28999
4	1	15	0	2	0	124.500000	203.340000	46.440000	9.000000	-1	###LINE###
5	1	15	0	2	0	124.50	203.34	46.44	9.00	100	29000-29399
4	1	15	0	3	0	124.500000	210.840000	46.440000	9.000000	-1	###LINE###
5	1	15	0	3	0	124.50	210.84	46.44	9.00	100	29400-29499
4	1	15	0	4	0	124.500000	218.340000	46.440000	9.000000	-1	###LINE###
5	1	15	0	4	0	124.50	218.34	46.44	9.00	100	29500-29799
4	1	15	0	5	0	124.500000	225.840000	46.440000	9.000000	-1	###LINE###
5	1	15	0	5	0	124.50	225.84	46.44	9.00	100	29800-32499
4	1	15	0	6	0	124.500000	237.340000	46.440000	9.000000	-1	###LINE###
5	1	15	0	6	0	124.50	237.34	46.44	9.00	100	32500-32599
4	1	15	0	7	0	124.500000	244.840000	46.440000	9.000000	-1	###LINE###
5	1	15	0	7	0	124.50	244.84	46.44	9.00	100	32600-32999
4	1	15	0	8	0	124.500000	252.340000	46.440000	9.000000	-1	###LINE###
5	1	15	0	8	0	124.50	252.34	46.44	9.00	100	33000-33499
4	1	15	0	9	0	124.500000	259.840000	46.440000	9.000000	-1	###LINE###
5	1	15	0	9	0	124.50	259.84	46.44	9.00	100	33500-33899
4	1	15	0	10	0	124.500000	267.340000	46.440000	9.000000	-1	###LINE###
5	1	15	0	10	0	124.50	267.34	46.44	9.00	100	33900-33999
4	1	15	0	11	0	124.500000	274.840000	46.440000	9.000000	-1	###LINE###
5	1	15	0	11	0	124.50	274.84	46.44	9.00	100	34000-34099
4	1	15	0	12	0	124.500000	286.340000	46.440000	9.000000	-1	###LINE###
5	1	15	0	12	0	124.50	286.34	46.44	9.00	100	34100-34199
4	1	15	0	13	0	124.500000	293.840000	46.440000	9.000000	-1	###LINE###
5	1	15	0	13	0	124.50	293.84	46.44	9.00	100	34200-34799
4	1	15	0	14	0	124.500000	301.340000	46.440000	9.000000	-1	###LINE###
5	1	15	0	14	0	124.50	301.34	46.44	9.00	100	34800-34899
4	1	15	0	15	0	124.500000	308.840000	46.440000	9.000000	-1	###LINE###
5	1	15	0	15	0	124.50	308.84	46.44	9.00	100	34900-34999
4	1	15	0	16	0	124.500000	316.340000	46.440000	9.000000	-1	###LINE###
5	1	15	0	16	0	124.50	316.34	46.44	9.00	100	35000-36499
4	1	15	0	17	0	124.500000	323.840000	46.440000	9.000000	-1	###LINE###
5	1	15	0	17	0	124.50	323.84	46.44	9.00	100	36500-36699
4	1	15	0	18	0	124.500000	335.340000	46.440000	9.000000	-1	###LINE###
5	1	15	0	18	0	124.50	335.34	46.44	9.00	100	36700-37599
4	1	15	0	19	0	124.500000	342.840000	46.440000	9.000000	-1	###LINE###
5	1	15	0	19	0	124.50	342.84	46.44	9.00	100	37600-37999
4	1	15	0	20	0	124.500000	350.340000	46.440000	9.000000	-1	###LINE###
5	1	15	0	20	0	124.50	350.34	46.44	9.00	100	38000-38699
4	1	15	0	21	0	124.500000	357.840000	46.440000	9.000000	-1	###LINE###
5	1	15	0	21	0	124.50	357.84	46.44	9.00	100	38700-38799
4	1	15	0	22	0	124.500000	365.340000	46.440000	9.000000	-1	###LINE###
5	1	15	0	22	0	124.50	365.34	46.44	9.00	100	38800-38999
4	1	15	0	23	0	124.500000	372.840000	46.440000	9.000000	-1	###LINE###
5	1	15	0	23	0	124.50	372.84	46.44	9.00	100	39000-39299
4	1	15	0	24	0	124.500000	384.340000	46.440000	9.000000	-1	###LINE###
5	1	15	0	24	0	124.50	384.34	46.44	9.00	100	39300-39399
4	1	15	0	25	0	124.500000	391.840000	46.440000	9.000000	-1	###LINE###
5	1	15	0	25	0	124.50	391.84	46.44	9.00	100	39400-39699
4	1	15	0	26	0	124.500000	399.340000	46.440000	9.000000	-1	###LINE###
5	1	15	0	26	0	124.50	399.34	46.44	9.00	100	39700-40299
4	1	15	0	27	0	124.500000	406.840000	46.440000	9.000000	-1	###LINE###
5	1	15	0	27	0	124.50	406.84	46.44	9.00	100	40300-41899
4	1	15	0	28	0	124.500000	414.340000	46.440000	9.000000	-1	###LINE###
5	1	15	0	28	0	124.50	414.34	46.44	9.00	100	41900-41999
4	1	15	0	29	0	124.500000	421.840000	46.440000	9.000000	-1	###LINE###
5	1	15	0	29	0	124.50	421.84	46.44	9.00	100	42000-42499
4	1	15	0	30	0	124.500000	433.340000	46.440000	9.000000	-1	###LINE###
5	1	15	0	30	0	124.50	433.34	46.44	9.00	100	42500-42699
4	1	15	0	31	0	124.500000	440.840000	46.440000	9.000000	-1	###LINE###
5	1	15	0	31	0	124.50	440.84	46.44	9.00	100	42700-42799
4	1	15	0	32	0	124.500000	448.340000	46.440000	9.000000	-1	###LINE###
5	1	15	0	32	0	124.50	448.34	46.44	9.00	100	42800-42999
4	1	15	0	33	0	124.500000	455.840000	46.440000	9.000000	-1	###LINE###
5	1	15	0	33	0	124.50	455.84	46.44	9.00	100	43000-45999
4	1	15	0	34	0	124.500000	463.340000	46.440000	9.000000	-1	###LINE###
5	1	15	0	34	0	124.50	463.34	46.44	9.00	100	46000-46699
4	1	15	0	35	0	124.500000	470.840000	46.440000	9.000000	-1	###LINE###
5	1	15	0	35	0	124.50	470.84	46.44	9.00	100	46700-46899
3	1	16	0	0	0	180.500000	188.340000	10.125000	291.500000	-1	###FLOW###
4	1	16	0	0	0	180.500000	188.340000	4.356000	9.000000	-1	###LINE###
5	1	16	0	0	0	180.50	188.34	4.36	9.00	100	4
4	1	16	0	1	0	180.500000	195.840000	4.356000	9.000000	-1	###LINE###
5	1	16	0	1	0	180.50	195.84	4.36	9.00	100	5
4	1	16	0	2	0	180.500000	203.340000	4.356000	9.000000	-1	###LINE###
5	1	16	0	2	0	180.50	203.34	4.36	9.00	100	4
4	1	16	0	3	0	180.500000	210.840000	4.356000	9.000000	-1	###LINE###
5	1	16	0	3	0	180.50	210.84	4.36	9.00	100	5
4	1	16	0	4	0	180.500000	218.340000	4.356000	9.000000	-1	###LINE###
5	1	16	0	4	0	180.50	218.34	4.36	9.00	100	4
4	1	16	0	5	0	180.500000	225.840000	4.356000	9.000000	-1	###LINE###
5	1	16	0	5	0	180.50	225.84	4.36	9.00	100	5
4	1	16	0	6	0	180.500000	237.340000	4.356000	9.000000	-1	###LINE###
5	1	16	0	6	0	180.50	237.34	4.36	9.00	100	6
4	1	16	0	7	0	180.500000	244.840000	4.356000	9.000000	-1	###LINE###
5	1	16	0	7	0	180.50	244.84	4.36	9.00	100	5
4	1	16	0	8	0	180.500000	252.340000	4.356000	9.000000	-1	###LINE###
5	1	16	0	8	0	180.50	252.34	4.36	9.00	100	6
4	1	16	0	9	0	180.500000	259.840000	4.356000	9.000000	-1	###LINE###
5	1	16	0	9	0	180.50	259.84	4.36	9.00	100	5
4	1	16	0	10	0	180.500000	267.340000	4.356000	9.000000	-1	###LINE###
5	1	16	0	10	0	180.50	267.34	4.36	9.00	100	6
4	1	16	0	11	0	180.500000	274.840000	4.356000	9.000000	-1	###LINE###
5	1	16	0	11	0	180.50	274.84	4.36	9.00	100	5
4	1	16	0	12	0	180.500000	286.340000	4.356000	9.000000	-1	###LINE###
5	1	16	0	12	0	180.50	286.34	4.36	9.00	100	6
4	1	16	0	13	0	180.500000	293.840000	4.356000	9.000000	-1	###LINE###
5	1	16	0	13	0	180.50	293.84	4.36	9.00	100	5
4	1	16	0	14	0	180.500000	301.340000	10.125000	9.000000	-1	###LINE###
5	1	16	0	14	0	180.50	301.34	10.13	9.00	100	NA
4	1	16	0	15	0	180.500000	308.840000	4.356000	9.000000	-1	###LINE###
5	1	16	0	15	0	180.50	308.84	4.36	9.00	100	6
4	1	16	0	16	0	180.500000	316.340000	4.356000	9.000000	-1	###LINE###
5	1	16	0	16	0	180.50	316.34	4.36	9.00	100	5
4	1	16	0	17	0	180.500000	323.840000	4.356000	9.000000	-1	###LINE###
5	1	16	0	17	0	180.50	323.84	4.36	9.00	100	6
4	1	16	0	18	0	180.500000	335.340000	4.356000	9.000000	-1	###LINE###
5	1	16	0	18	0	180.50	335.34	4.36	9.00	100	5
4	1	16	0	19	0	180.500000	342.840000	4.356000	9.000000	-1	###LINE###
5	1	16	0	19	0	180.50	342.84	4.36	9.00	100	4
4	1	16	0	20	0	180.500000	350.340000	4.356000	9.000000	-1	###LINE###
5	1	16	0	20	0	180.50	350.34	4.36	9.00	100	5
4	1	16	0	21	0	180.500000	357.840000	4.356000	9.000000	-1	###LINE###
5	1	16	0	21	0	180.50	357.84	4.36	9.00	100	6
4	1	16	0	22	0	180.500000	365.340000	4.356000	9.000000	-1	###LINE###
5	1	16	0	22	0	180.50	365.34	4.36	9.00	100	5
4	1	16	0	23	0	180.500000	372.840000	4.356000	9.000000	-1	###LINE###
5	1	16	0	23	0	180.50	372.84	4.36	9.00	100	6
4	1	16	0	24	0	180.500000	384.340000	4.356000	9.000000	-1	###LINE###
5	1	16	0	24	0	180.50	384.34	4.36	9.00	100	5
4	1	16	0	25	0	180.500000	391.840000	4.356000	9.000000	-1	###LINE###
5	1	16	0	25	0	180.50	391.84	4.36	9.00	100	6
4	1	16	0	26	0	180.500000	399.340000	4.356000	9.000000	-1	###LINE###
5	1	16	0	26	0	180.50	399.34	4.36	9.00	100	5
4	1	16	0	27	0	180.500000	406.840000	4.356000	9.000000	-1	###LINE###
5	1	16	0	27	0	180.50	406.84	4.36	9.00	100	4
4	1	16	0	28	0	180.500000	414.340000	10.125000	9.000000	-1	###LINE###
5	1	16	0	28	0	180.50	414.34	10.13	9.00	100	NA
4	1	16	0	29	0	180.500000	421.840000	4.356000	9.000000	-1	###LINE###
5	1	16	0	29	0	180.50	421.84	4.36	9.00	100	5
4	1	16	0	30	0	180.500000	433.340000	4.356000	9.000000	-1	###LINE###
5	1	16	0	30	0	180.50	433.34	4.36	9.00	100	4
4	1	16	0	31	0	180.500000	440.840000	4.356000	9.000000	-1	###LINE###
5	1	16	0	31	0	180.50	440.84	4.36	9.00	100	5
4	1	16	0	32	0	180.500000	448.340000	10.125000	9.000000	-1	###LINE###
5	1	16	0	32	0	180.50	448.34	10.13	9.00	100	NA
4	1	16	0	33	0	180.500000	455.840000	4.356000	9.000000	-1	###LINE###
5	1	16	0	33	0	180.50	455.84	4.36	9.00	100	4
4	1	16	0	34	0	180.500000	463.340000	4.356000	9.000000	-1	###LINE###
5	1	16	0	34	0	180.50	463.34	4.36	9.00	100	5
4	1	16	0	35	0	180.500000	470.840000	4.356000	9.000000	-1	###LINE###
5	1	16	0	35	0	180.50	470.84	4.36	9.00	100	4
3	1	17	0	0	0	202.500000	188.340000	46.440000	291.500000	-1	###FLOW###
4	1	17	0	0	0	202.500000	188.340000	46.440000	9.000000	-1	###LINE###
5	1	17	0	0	0	202.50	188.34	46.44	9.00	100	46900-46999
4	1	17	0	1	0	202.500000	195.840000	46.440000	9.000000	-1	###LINE###
5	1	17	0	1	0	202.50	195.84	46.44	9.00	100	47000-47099
4	1	17	0	2	0	202.500000	203.340000	46.440000	9.000000	-1	###LINE###
5	1	17	0	2	0	202.50	203.34	46.44	9.00	100	47100-47299
4	1	17	0	3	0	202.500000	210.840000	46.440000	9.000000	-1	###LINE###
5	1	17	0	3	0	202.50	210.84	46.44	9.00	100	47300-47399
4	1	17	0	4	0	202.500000	218.340000	46.440000	9.000000	-1	###LINE###
5	1	17	0	4	0	202.50	218.34	46.44	9.00	100	47400-47999
4	1	17	0	5	0	202.500000	225.840000	46.440000	9.000000	-1	###LINE###
5	1	17	0	5	0	202.50	225.84	46.44	9.00	100	48000-49699
4	1	17	0	6	0	202.500000	237.340000	46.440000	9.000000	-1	###LINE###
5	1	17	0	6	0	202.50	237.34	46.44	9.00	100	49700-50499
4	1	17	0	7	0	202.500000	244.840000	46.440000	9.000000	-1	###LINE###
5	1	17	0	7	0	202.50	244.84	46.44	9.00	100	50500-50599
4	1	17	0	8	0	202.500000	252.340000	46.440000	9.000000	-1	###LINE###
5	1	17	0	8	0	202.50	252.34	46.44	9.00	100	50600-50799
4	1	17	0	9	0	202.500000	259.840000	46.440000	9.000000	-1	###LINE###
5	1	17	0	9	0	202.50	259.84	46.44	9.00	100	50800-50899
4	1	17	0	10	0	202.500000	267.340000	46.440000	9.000000	-1	###LINE###
5	1	17	0	10	0	202.50	267.34	46.44	9.00	100	50900-50999
4	1	17	0	11	0	202.500000	274.840000	46.440000	9.000000	-1	###LINE###
5	1	17	0	11	0	202.50	274.84	46.44	9.00	100	51000-51699
4	1	17	0	12	0	202.500000	286.340000	46.440000	9.000000	-1	###LINE###
5	1	17	0	12	0	202.50	286.34	46.44	9.00	100	51700-51999
4	1	17	0	13	0	202.500000	293.840000	46.440000	9.000000	-1	###LINE###
5	1	17	0	13	0	202.50	293.84	46.44	9.00	100	52000-55999
4	1	17	0	14	0	202.500000	301.340000	46.440000	9.000000	-1	###LINE###
5	1	17	0	14	0	202.50	301.34	46.44	9.00	100	56000-57699
4	1	17	0	15	0	202.500000	308.840000	46.440000	9.000000	-1	###LINE###
5	1	17	0	15	0	202.50	308.84	46.44	9.00	100	57700-57799
4	1	17	0	16	0	202.500000	316.340000	46.440000	9.000000	-1	###LINE###
5	1	17	0	16	0	202.50	316.34	46.44	9.00	100	57800-57999
4	1	17	0	17	0	202.500000	323.840000	46.440000	9.000000	-1	###LINE###
5	1	17	0	17	0	202.50	323.84	46.44	9.00	100	58000-58599
4	1	17	0	18	0	202.500000	335.340000	46.440000	9.000000	-1	###LINE###
5	1	17	0	18	0	202.50	335.34	46.44	9.00	100	58600-59399
4	1	17	0	19	0	202.500000	342.840000	46.440000	9.000000	-1	###LINE###
5	1	17	0	19	0	202.50	342.84	46.44	9.00	100	59400-59499
4	1	17	0	20	0	202.500000	350.340000	46.440000	9.000000	-1	###LINE###
5	1	17	0	20	0	202.50	350.34	46.44	9.00	100	59500-59599
4	1	17	0	21	0	202.500000	357.840000	46.440000	9.000000	-1	###LINE###
5	1	17	0	21	0	202.50	357.84	46.44	9.00	100	59600-59999
4	1	17	0	22	0	202.500000	365.340000	46.440000	9.000000	-1	###LINE###
5	1	17	0	22	0	202.50	365.34	46.44	9.00	100	60000-63999
4	1	17	0	23	0	202.500000	372.840000	46.440000	9.000000	-1	###LINE###
5	1	17	0	23	0	202.50	372.84	46.44	9.00	100	64000-64999
4	1	17	0	24	0	202.500000	384.340000	46.440000	9.000000	-1	###LINE###
5	1	17	0	24	0	202.50	384.34	46.44	9.00	100	65000-65299
4	1	17	0	25	0	202.500000	391.840000	46.440000	9.000000	-1	###LINE###
5	1	17	0	25	0	202.50	391.84	46.44	9.00	100	65300-65399
4	1	17	0	26	0	202.500000	399.340000	46.440000	9.000000	-1	###LINE###
5	1	17	0	26	0	202.50	399.34	46.44	9.00	100	65400-65599
4	1	17	0	27	0	202.500000	406.840000	46.440000	9.000000	-1	###LINE###
5	1	17	0	27	0	202.50	406.84	46.44	9.00	100	65600-67699
4	1	17	0	28	0	202.500000	414.340000	46.440000	9.000000	-1	###LINE###
5	1	17	0	28	0	202.50	414.34	46.44	9.00	100	67700-67799
4	1	17	0	29	0	202.500000	421.840000	46.440000	9.000000	-1	###LINE###
5	1	17	0	29	0	202.50	421.84	46.44	9.00	100	67800-67899
4	1	17	0	30	0	202.500000	433.340000	46.440000	9.000000	-1	###LINE###
5	1	17	0	30	0	202.50	433.34	46.44	9.00	100	67900-67999
4	1	17	0	31	0	202.500000	440.840000	46.440000	9.000000	-1	###LINE###
5	1	17	0	31	0	202.50	440.84	46.44	9.00	100	68000-69299
4	1	17	0	32	0	202.500000	448.340000	46.440000	9.000000	-1	###LINE###
5	1	17	0	32	0	202.50	448.34	46.44	9.00	100	69300-69399
4	1	17	0	33	0	202.500000	455.840000	46.440000	9.000000	-1	###LINE###
5	1	17	0	33	0	202.50	455.84	46.44	9.00	100	69400-69999
4	1	17	0	34	0	202.500000	463.340000	46.440000	9.000000	-1	###LINE###
5	1	17	0	34	0	202.50	463.34	46.44	9.00	100	70000-72299
4	1	17	0	35	0	202.500000	470.840000	46.440000	9.000000	-1	###LINE###
5	1	17	0	35	0	202.50	470.84	46.44	9.00	100	72300-72599
3	1	18	0	0	0	258.500000	188.340000	10.125000	291.500000	-1	###FLOW###
4	1	18	0	0	0	258.500000	188.340000	4.356000	9.000000	-1	###LINE###
5	1	18	0	0	0	258.50	188.34	4.36	9.00	100	5
4	1	18	0	1	0	258.500000	195.840000	4.356000	9.000000	-1	###LINE###
5	1	18	0	1	0	258.50	195.84	4.36	9.00	100	4
4	1	18	0	2	0	258.500000	203.340000	4.356000	9.000000	-1	###LINE###
5	1	18	0	2	0	258.50	203.34	4.36	9.00	100	5
4	1	18	0	3	0	258.500000	210.840000	4.356000	9.000000	-1	###LINE###
5	1	18	0	3	0	258.50	210.84	4.36	9.00	100	4
4	1	18	0	4	0	258.500000	218.340000	4.356000	9.000000	-1	###LINE###
5	1	18	0	4	0	258.50	218.34	4.36	9.00	100	5
4	1	18	0	5	0	258.500000	225.840000	4.356000	9.000000	-1	###LINE###
5	1	18	0	5	0	258.50	225.84	4.36	9.00	100	4
4	1	18	0	6	0	258.500000	237.340000	4.356000	9.000000	-1	###LINE###
5	1	18	0	6	0	258.50	237.34	4.36	9.00	100	5
4	1	18	0	7	0	258.500000	244.840000	4.356000	9.000000	-1	###LINE###
5	1	18	0	7	0	258.50	244.84	4.36	9.00	100	6
4	1	18	0	8	0	258.500000	252.340000	4.356000	9.000000	-1	###LINE###
5	1	18	0	8	0	258.50	252.34	4.36	9.00	100	5
4	1	18	0	9	0	258.500000	259.840000	4.356000	9.000000	-1	###LINE###
5	1	18	0	9	0	258.50	259.84	4.36	9.00	100	6
4	1	18	0	10	0	258.500000	267.340000	4.356000	9.000000	-1	###LINE###
5	1	18	0	10	0	258.50	267.34	4.36	9.00	100	5
4	1	18	0	11	0	258.500000	274.840000	4.356000	9.000000	-1	###LINE###
5	1	18	0	11	0	258.50	274.84	4.36	9.00	100	6
4	1	18	0	12	0	258.500000	286.340000	10.125000	9.000000	-1	###LINE###
5	1	18	0	12	0	258.50	286.34	10.13	9.00	100	NA
4	1	18	0	13	0	258.500000	293.840000	4.356000	9.000000	-1	###LINE###
5	1	18	0	13	0	258.50	293.84	4.36	9.00	100	5
4	1	18	0	14	0	258.500000	301.340000	4.356000	9.000000	-1	###LINE###
5	1	18	0	14	0	258.50	301.34	4.36	9.00	100	6
4	1	18	0	15	0	258.500000	308.840000	4.356000	9.000000	-1	###LINE###
5	1	18	0	15	0	258.50	308.84	4.36	9.00	100	7
4	1	18	0	16	0	258.500000	316.340000	10.125000	9.000000	-1	###LINE###
5	1	18	0	16	0	258.50	316.34	10.13	9.00	100	NA
4	1	18	0	17	0	258.500000	323.840000	4.356000	9.000000	-1	###LINE###
5	1	18	0	17	0	258.50	323.84	4.36	9.00	100	6
4	1	18	0	18	0	258.500000	335.340000	4.356000	9.000000	-1	###LINE###
5	1	18	0	18	0	258.50	335.34	4.36	9.00	100	7
4	1	18	0	19	0	258.500000	342.840000	4.356000	9.000000	-1	###LINE###
5	1	18	0	19	0	258.50	342.84	4.36	9.00	100	8
4	1	18	0	20	0	258.500000	350.340000	4.356000	9.000000	-1	###LINE###
5	1	18	0	20	0	258.50	350.34	4.36	9.00	100	7
4	1	18	0	21	0	258.500000	357.840000	4.356000	9.000000	-1	###LINE###
5	1	18	0	21	0	258.50	357.84	4.36	9.00	100	8
4	1	18	0	22	0	258.500000	365.340000	4.356000	9.000000	-1	###LINE###
5	1	18	0	22	0	258.50	365.34	4.36	9.00	100	5
4	1	18	0	23	0	258.500000	372.840000	4.356000	9.000000	-1	###LINE###
5	1	18	0	23	0	258.50	372.84	4.36	9.00	100	6
4	1	18	0	24	0	258.500000	384.340000	4.356000	9.000000	-1	###LINE###
5	1	18	0	24	0	258.50	384.34	4.36	9.00	100	5
4	1	18	0	25	0	258.500000	391.840000	4.356000	9.000000	-1	###LINE###
5	1	18	0	25	0	258.50	391.84	4.36	9.00	100	6
4	1	18	0	26	0	258.500000	399.340000	4.356000	9.000000	-1	###LINE###
5	1	18	0	26	0	258.50	399.34	4.36	9.00	100	5
4	1	18	0	27	0	258.500000	406.840000	4.356000	9.000000	-1	###LINE###
5	1	18	0	27	0	258.50	406.84	4.36	9.00	100	6
4	1	18	0	28	0	258.500000	414.340000	4.356000	9.000000	-1	###LINE###
5	1	18	0	28	0	258.50	414.34	4.36	9.00	100	7
4	1	18	0	29	0	258.500000	421.840000	4.356000	9.000000	-1	###LINE###
5	1	18	0	29	0	258.50	421.84	4.36	9.00	100	6
4	1	18	0	30	0	258.500000	433.340000	4.356000	9.000000	-1	###LINE###
5	1	18	0	30	0	258.50	433.34	4.36	9.00	100	7
4	1	18	0	31	0	258.500000	440.840000	4.356000	9.000000	-1	###LINE###
5	1	18	0	31	0	258.50	440.84	4.36	9.00	100	6
4	1	18	0	32	0	258.500000	448.340000	4.356000	9.000000	-1	###LINE###
5	1	18	0	32	0	258.50	448.34	4.36	9.00	100	7
4	1	18	0	33	0	258.500000	455.840000	10.125000	9.000000	-1	###LINE###
5	1	18	0	33	0	258.50	455.84	10.13	9.00	100	NA
4	1	18	0	34	0	258.500000	463.340000	4.356000	9.000000	-1	###LINE###
5	1	18	0	34	0	258.50	463.34	4.36	9.00	100	6
4	1	18	0	35	0	258.500000	470.840000	4.356000	9.000000	-1	###LINE###
5	1	18	0	35	0	258.50	470.84	4.36	9.00	100	5
3	1	19	0	0	0	280.500000	188.340000	46.440000	205.000000	-1	###FLOW###
4	1	19	0	0	0	280.500000	188.340000	46.440000	9.000000	-1	###LINE###
5	1	19	0	0	0	280.50	188.34	46.44	9.00	100	72600-73299
4	1	19	0	1	0	280.500000	195.840000	46.440000	9.000000	-1	###LINE###
5	1	19	0	1	0	280.50	195.84	46.44	9.00	100	73300-73399
4	1	19	0	2	0	280.500000	203.340000	46.440000	9.000000	-1	###LINE###
5	1	19	0	2	0	280.50	203.34	46.44	9.00	100	73400-73899
4	1	19	0	3	0	280.500000	210.840000	46.440000	9.000000	-1	###LINE###
5	1	19	0	3	0	280.50	210.84	46.44	9.00	100	73900-73999
4	1	19	0	4	0	280.500000	218.340000	46.440000	9.000000	-1	###LINE###
5	1	19	0	4	0	280.50	218.34	46.44	9.00	100	74000-76499
4	1	19	0	5	0	280.500000	225.840000	46.440000	9.000000	-1	###LINE###
5	1	19	0	5	0	280.50	225.84	46.44	9.00	100	76500-76599
4	1	19	0	6	0	280.500000	237.340000	46.440000	9.000000	-1	###LINE###
5	1	19	0	6	0	280.50	237.34	46.44	9.00	100	76600-76799
4	1	19	0	7	0	280.500000	244.840000	46.440000	9.000000	-1	###LINE###
5	1	19	0	7	0	280.50	244.84	46.44	9.00	100	76800-76999
4	1	19	0	8	0	280.500000	252.340000	46.440000	9.000000	-1	###LINE###
5	1	19	0	8	0	280.50	252.34	46.44	9.00	100	77000-77899
4	1	19	0	9	0	280.500000	259.840000	46.440000	9.000000	-1	###LINE###
5	1	19	0	9	0	280.50	259.84	46.44	9.00	100	77900-79799
4	1	19	0	10	0	280.500000	267.340000	46.440000	9.000000	-1	###LINE###
5	1	19	0	10	0	280.50	267.34	46.44	9.00	100	79800-79999
4	1	19	0	11	0	280.500000	274.840000	46.440000	9.000000	-1	###LINE###
5	1	19	0	11	0	280.50	274.84	46.44	9.00	100	80000-81499
4	1	19	0	12	0	280.500000	286.340000	46.440000	9.000000	-1	###LINE###
5	1	19	0	12	0	280.50	286.34	46.44	9.00	100	81500-81599
4	1	19	0	13	0	280.500000	293.840000	46.440000	9.000000	-1	###LINE###
5	1	19	0	13	0	280.50	293.84	46.44	9.00	100	81600-82099
4	1	19	0	14	0	280.500000	301.340000	46.440000	9.000000	-1	###LINE###
5	1	19	0	14	0	280.50	301.34	46.44	9.00	100	82100-82199
4	1	19	0	15	0	280.500000	308.840000	46.440000	9.000000	-1	###LINE###
5	1	19	0	15	0	280.50	308.84	46.44	9.00	100	82200-83099
4	1	19	0	16	0	280.500000	316.340000	46.440000	9.000000	-1	###LINE###
5	1	19	0	16	0	280.50	316.34	46.44	9.00	100	83100-86599
4	1	19	0	17	0	280.500000	323.840000	46.440000	9.000000	-1	###LINE###
5	1	19	0	17	0	280.50	323.84	46.44	9.00	100	86600-86999
4	1	19	0	18	0	280.500000	335.340000	46.440000	9.000000	-1	###LINE###
5	1	19	0	18	0	280.50	335.34	46.44	9.00	100	87000-87299
4	1	19	0	19	0	280.500000	342.840000	46.440000	9.000000	-1	###LINE###
5	1	19	0	19	0	280.50	342.84	46.44	9.00	100	87300-87499
4	1	19	0	20	0	280.500000	350.340000	46.440000	9.000000	-1	###LINE###
5	1	19	0	20	0	280.50	350.34	46.44	9.00	100	87500-87799
4	1	19	0	21	0	280.500000	357.840000	46.440000	9.000000	-1	###LINE###
5	1	19	0	21	0	280.50	357.84	46.44	9.00	100	87800-88099
4	1	19	0	22	0	280.500000	365.340000	46.440000	9.000000	-1	###LINE###
5	1	19	0	22	0	280.50	365.34	46.44	9.00	100	88100-88499
4	1	19	0	23	0	280.500000	372.840000	46.440000	9.000000	-1	###LINE###
5	1	19	0	23	0	280.50	372.84	46.44	9.00	100	88500-96699
4	1	19	0	24	0	280.500000	384.340000	46.440000	9.000000	-1	###LINE###
5	1	19	0	24	0	280.50	384.34	46.44	9.00	100	97000-99499
3	1	20	0	0	0	336.500000	188.340000	10.125000	205.000000	-1	###FLOW###
4	1	20	0	0	0	336.500000	188.340000	4.356000	9.000000	-1	###LINE###
5	1	20	0	0	0	336.50	188.34	4.36	9.00	100	6
4	1	20	0	1	0	336.500000	195.840000	4.356000	9.000000	-1	###LINE###
5	1	20	0	1	0	336.50	195.84	4.36	9.00	100	7
4	1	20	0	2	0	336.500000	203.340000	4.356000	9.000000	-1	###LINE###
5	1	20	0	2	0	336.50	203.34	4.36	9.00	100	6
4	1	20	0	3	0	336.500000	210.840000	4.356000	9.000000	-1	###LINE###
5	1	20	0	3	0	336.50	210.84	4.36	9.00	100	7
4	1	20	0	4	0	336.500000	218.340000	4.356000	9.000000	-1	###LINE###
5	1	20	0	4	0	336.50	218.34	4.36	9.00	100	6
4	1	20	0	5	0	336.500000	225.840000	4.356000	9.000000	-1	###LINE###
5	1	20	0	5	0	336.50	225.84	4.36	9.00	100	7
4	1	20	0	6	0	336.500000	237.340000	4.356000	9.000000	-1	###LINE###
5	1	20	0	6	0	336.50	237.34	4.36	9.00	100	6
4	1	20	0	7	0	336.500000	244.840000	4.356000	9.000000	-1	###LINE###
5	1	20	0	7	0	336.50	244.84	4.36	9.00	100	7
4	1	20	0	8	0	336.500000	252.340000	4.356000	9.000000	-1	###LINE###
5	1	20	0	8	0	336.50	252.34	4.36	9.00	100	6
4	1	20	0	9	0	336.500000	259.840000	4.356000	9.000000	-1	###LINE###
5	1	20	0	9	0	336.50	259.84	4.36	9.00	100	7
4	1	20	0	10	0	336.500000	267.340000	4.356000	9.000000	-1	###LINE###
5	1	20	0	10	0	336.50	267.34	4.36	9.00	100	8
4	1	20	0	11	0	336.500000	274.840000	4.356000	9.000000	-1	###LINE###
5	1	20	0	11	0	336.50	274.84	4.36	9.00	100	7
4	1	20	0	12	0	336.500000	286.340000	4.356000	9.000000	-1	###LINE###
5	1	20	0	12	0	336.50	286.34	4.36	9.00	100	8
4	1	20	0	13	0	336.500000	293.840000	4.356000	9.000000	-1	###LINE###
5	1	20	0	13	0	336.50	293.84	4.36	9.00	100	7
4	1	20	0	14	0	336.500000	301.340000	4.356000	9.000000	-1	###LINE###
5	1	20	0	14	0	336.50	301.34	4.36	9.00	100	8
4	1	20	0	15	0	336.500000	308.840000	4.356000	9.000000	-1	###LINE###
5	1	20	0	15	0	336.50	308.84	4.36	9.00	100	7
4	1	20	0	16	0	336.500000	316.340000	4.356000	9.000000	-1	###LINE###
5	1	20	0	16	0	336.50	316.34	4.36	9.00	100	8
4	1	20	0	17	0	336.500000	323.840000	10.125000	9.000000	-1	###LINE###
5	1	20	0	17	0	336.50	323.84	10.13	9.00	100	NA
4	1	20	0	18	0	336.500000	335.340000	4.356000	9.000000	-1	###LINE###
5	1	20	0	18	0	336.50	335.34	4.36	9.00	100	7
4	1	20	0	19	0	336.500000	342.840000	4.356000	9.000000	-1	###LINE###
5	1	20	0	19	0	336.50	342.84	4.36	9.00	100	8
4	1	20	0	20	0	336.500000	350.340000	4.356000	9.000000	-1	###LINE###
5	1	20	0	20	0	336.50	350.34	4.36	9.00	100	7
4	1	20	0	21	0	336.500000	357.840000	4.356000	9.000000	-1	###LINE###
5	1	20	0	21	0	336.50	357.84	4.36	9.00	100	8
4	1	20	0	22	0	336.500000	365.340000	4.356000	9.000000	-1	###LINE###
5	1	20	0	22	0	336.50	365.34	4.36	9.00	100	7
4	1	20	0	23	0	336.500000	372.840000	4.356000	9.000000	-1	###LINE###
5	1	20	0	23	0	336.50	372.84	4.36	9.00	100	8
4	1	20	0	24	0	336.500000	384.340000	4.356000	9.000000	-1	###LINE###
5	1	20	0	24	0	336.50	384.34	4.36	9.00	100	8
3	1	21	0	0	0	358.482100	175.079300	42.847000	9.177000	-1	###FLOW###
4	1	21	0	0	0	358.482100	175.079300	42.847000	9.177000	-1	###LINE###
5	1	21	0	0	0	358.48	175.08	32.59	9.18	100	Destination
5	1	21	0	0	1	392.22	175.08	9.11	9.18	100	ZIP
3	1	22	0	0	0	410.485100	175.079300	13.853000	9.177000	-1	###FLOW###
4	1	22	0	0	0	410.485100	175.079300	13.853000	9.177000	-1	###LINE###
5	1	22	0	0	0	410.49	175.08	13.85	9.18	100	Zone
3	1	23	0	0	0	436.483100	175.079300	42.847000	9.177000	-1	###FLOW###
4	1	23	0	0	0	436.483100	175.079300	42.847000	9.177000	-1	###LINE###
5	1	23	0	0	0	436.48	175.08	32.59	9.18	100	Destination
5	1	23	0	0	1	470.22	175.08	9.11	9.18	100	ZIP
3	1	24	0	0	0	488.486100	175.079300	13.853000	9.177000	-1	###FLOW###
4	1	24	0	0	0	488.486100	175.079300	13.853000	9.177000	-1	###LINE###
5	1	24	0	0	0	488.49	175.08	13.85	9.18	100	Zone
3	1	25	0	0	0	514.484100	175.079300	42.847000	9.177000	-1	###FLOW###
4	1	25	0	0	0	514.484100	175.079300	42.847000	9.177000	-1	###LINE###
5	1	25	0	0	0	514.48	175.08	32.59	9.18	100	Destination
5	1	25	0	0	1	548.22	175.08	9.11	9.18	100	ZIP
3	1	26	0	0	0	566.487100	175.079300	13.853000	9.177000	-1	###FLOW###
4	1	26	0	0	0	566.487100	175.079300	13.853000	9.177000	-1	###LINE###
5	1	26	0	0	0	566.49	175.08	13.85	9.18	100	Zone
3	1	27	0	0	0	46.478100	496.220000	147.648000	15.732000	-1	###FLOW###
4	1	27	0	0	0	46.478100	496.220000	147.648000	15.732000	-1	###LINE###
5	1	27	0	0	0	46.48	496.22	35.02	15.73	100	Alaska,
5	1	27	0	0	1	83.46	496.22	34.99	15.73	100	Hawaii,
5	1	27	0	0	2	120.42	496.22	17.62	15.73	100	and
5	1	27	0	0	3	140.01	496.22	31.94	15.73	100	Puerto
5	1	27	0	0	4	173.92	496.22	20.21	15.73	100	Rico
3	1	28	0	0	0	42.001400	719.565496	2.257376	6.114504	-1	###FLOW###
4	1	28	0	0	0	42.001400	719.565496	2.257376	6.114504	-1	###LINE###
5	1	28	0	0	0	42.00	719.57	2.26	6.11	100	1
3	1	29	0	0	0	46.478100	514.284000	43.454900	10.488000	-1	###FLOW###
4	1	29	0	0	0	46.478100	514.284000	43.454900	10.488000	-1	###LINE###
5	1	29	0	0	0	46.48	514.28	4.86	10.49	100	D
5	1	29	0	0	1	51.34	515.32	28.34	9.18	100	estination
5	1	29	0	0	2	80.83	515.32	9.11	9.18	100	ZIP
3	1	30	0	0	0	127.474000	515.320000	21.973000	25.179000	-1	###FLOW###
4	1	30	0	0	0	127.481000	515.320000	16.996000	9.177000	-1	###LINE###
5	1	30	0	0	0	127.48	515.32	17.00	9.18	100	FedEx
4	1	30	0	1	0	127.474000	523.321000	21.973000	9.177000	-1	###LINE###
5	1	30	0	1	0	127.47	523.32	21.97	9.18	100	Express
4	1	30	0	2	0	127.474000	531.322000	13.272000	9.177000	-1	###LINE###
5	1	30	0	2	0	127.47	531.32	13.27	9.18	100	zone
3	1	31	0	0	0	181.472000	515.320000	20.454000	25.179000	-1	###FLOW###
4	1	31	0	0	0	181.479000	515.320000	16.996000	9.177000	-1	###LINE###
5	1	31	0	0	0	181.48	515.32	17.00	9.18	100	FedEx
4	1	31	0	1	0	181.472000	523.321000	20.454000	9.177000	-1	###LINE###
5	1	31	0	1	0	181.47	523.32	20.45	9.18	100	Ground
4	1	31	0	2	0	181.472000	531.322000	13.272000	9.177000	-1	###LINE###
5	1	31	0	2	0	181.47	531.32	13.27	9.18	100	zone
3	1	32	0	0	0	228.323000	514.585000	42.847000	9.177000	-1	###FLOW###
4	1	32	0	0	0	228.323000	514.585000	42.847000	9.177000	-1	###LINE###
5	1	32	0	0	0	228.32	514.59	32.59	9.18	100	Destination
5	1	32	0	0	1	262.06	514.59	9.11	9.18	100	ZIP
3	1	33	0	0	0	309.313000	514.585000	21.973000	25.179000	-1	###FLOW###
4	1	33	0	0	0	309.320000	514.585000	16.996000	9.177000	-1	###LINE###
5	1	33	0	0	0	309.32	514.59	17.00	9.18	100	FedEx
4	1	33	0	1	0	309.313000	522.586000	21.973000	9.177000	-1	###LINE###
5	1	33	0	1	0	309.31	522.59	21.97	9.18	100	Express
4	1	33	0	2	0	309.313000	530.587000	13.272000	9.177000	-1	###LINE###
5	1	33	0	2	0	309.31	530.59	13.27	9.18	100	zone
3	1	34	0	0	0	363.311000	514.585000	20.454000	25.179000	-1	###FLOW###
4	1	34	0	0	0	363.318000	514.585000	16.996000	9.177000	-1	###LINE###
5	1	34	0	0	0	363.32	514.59	17.00	9.18	100	FedEx
4	1	34	0	1	0	363.311000	522.586000	20.454000	9.177000	-1	###LINE###
5	1	34	0	1	0	363.31	522.59	20.45	9.18	100	Ground
4	1	34	0	2	0	363.311000	530.587000	13.272000	9.177000	-1	###LINE###
5	1	34	0	2	0	363.31	530.59	13.27	9.18	100	zone
3	1	35	0	0	0	410.162000	514.585000	42.847000	9.177000	-1	###FLOW###
4	1	35	0	0	0	410.162000	514.585000	42.847000	9.177000	-1	###LINE###
5	1	35	0	0	0	410.16	514.59	32.59	9.18	100	Destination
5	1	35	0	0	1	443.90	514.59	9.11	9.18	100	ZIP
3	1	36	0	0	0	491.152000	514.585000	21.973000	25.179000	-1	###FLOW###
4	1	36	0	0	0	491.159000	514.585000	16.996000	9.177000	-1	###LINE###
5	1	36	0	0	0	491.16	514.59	17.00	9.18	100	FedEx
4	1	36	0	1	0	491.152000	522.586000	21.973000	9.177000	-1	###LINE###
5	1	36	0	1	0	491.15	522.59	21.97	9.18	100	Express
4	1	36	0	2	0	491.152000	530.587000	13.272000	9.177000	-1	###LINE###
5	1	36	0	2	0	491.15	530.59	13.27	9.18	100	zone
3	1	37	0	0	0	545.150000	514.585000	20.454000	25.179000	-1	###FLOW###
4	1	37	0	0	0	545.157000	514.585000	16.996000	9.177000	-1	###LINE###
5	1	37	0	0	0	545.16	514.59	17.00	9.18	100	FedEx
4	1	37	0	1	0	545.150000	522.586000	20.454000	9.177000	-1	###LINE###
5	1	37	0	1	0	545.15	522.59	20.45	9.18	100	Ground
4	1	37	0	2	0	545.150000	530.587000	13.272000	9.177000	-1	###LINE###
5	1	37	0	2	0	545.15	530.59	13.27	9.18	100	zone
3	1	38	0	0	0	46.300000	544.340000	46.440000	147.600000	-1	###FLOW###
4	1	38	0	0	0	46.300000	544.340000	46.440000	9.000000	-1	###LINE###
5	1	38	0	0	0	46.30	544.34	46.44	9.00	100	00600-00799
4	1	38	0	1	0	46.300000	551.940000	46.440000	9.000000	-1	###LINE###
5	1	38	0	1	0	46.30	551.94	46.44	9.00	100	00800-00899
4	1	38	0	2	0	46.300000	559.540000	46.440000	9.000000	-1	###LINE###
5	1	38	0	2	0	46.30	559.54	46.44	9.00	100	00900-00999
4	1	38	0	3	0	46.300000	567.140000	21.780000	9.000000	-1	###LINE###
5	1	38	0	3	0	46.30	567.14	21.78	9.00	100	96700
4	1	38	0	4	0	46.300000	574.740000	21.780000	9.000000	-1	###LINE###
5	1	38	0	4	0	46.30	574.74	21.78	9.00	100	96701
4	1	38	0	5	0	46.300000	582.340000	46.440000	9.000000	-1	###LINE###
5	1	38	0	5	0	46.30	582.34	46.44	9.00	100	96702-96705
4	1	38	0	6	0	46.300000	594.640000	46.440000	9.000000	-1	###LINE###
5	1	38	0	6	0	46.30	594.64	46.44	9.00	100	96706-96707
4	1	38	0	7	0	46.300000	602.240000	21.780000	9.000000	-1	###LINE###
5	1	38	0	7	0	46.30	602.24	21.78	9.00	100	96708
4	1	38	0	8	0	46.300000	609.840000	21.780000	9.000000	-1	###LINE###
5	1	38	0	8	0	46.30	609.84	21.78	9.00	100	96709
4	1	38	0	9	0	46.300000	617.440000	21.780000	9.000000	-1	###LINE###
5	1	38	0	9	0	46.30	617.44	21.78	9.00	100	96710
4	1	38	0	10	0	46.300000	625.040000	46.440000	9.000000	-1	###LINE###
5	1	38	0	10	0	46.30	625.04	46.44	9.00	100	96711-96712
4	1	38	0	11	0	46.300000	632.640000	46.440000	9.000000	-1	###LINE###
5	1	38	0	11	0	46.30	632.64	46.44	9.00	100	96713-96716
4	1	38	0	12	0	46.300000	644.940000	21.780000	9.000000	-1	###LINE###
5	1	38	0	12	0	46.30	644.94	21.78	9.00	100	96717
4	1	38	0	13	0	46.300000	652.540000	46.440000	9.000000	-1	###LINE###
5	1	38	0	13	0	46.30	652.54	46.44	9.00	100	96718-96729
4	1	38	0	14	0	46.300000	660.140000	46.440000	9.000000	-1	###LINE###
5	1	38	0	14	0	46.30	660.14	46.44	9.00	100	96730-96731
4	1	38	0	15	0	46.300000	667.740000	46.440000	9.000000	-1	###LINE###
5	1	38	0	15	0	46.30	667.74	46.44	9.00	100	96732-96733
4	1	38	0	16	0	46.300000	675.340000	21.780000	9.000000	-1	###LINE###
5	1	38	0	16	0	46.30	675.34	21.78	9.00	100	96734
4	1	38	0	17	0	46.300000	682.940000	46.440000	9.000000	-1	###LINE###
5	1	38	0	17	0	46.30	682.94	46.44	9.00	100	96735-96743
3	1	39	0	0	0	127.300000	544.340000	10.125000	147.600000	-1	###FLOW###
4	1	39	0	0	0	127.300000	544.340000	3.159000	9.000000	-1	###LINE###
5	1	39	0	0	0	127.30	544.34	3.16	9.00	100	*
4	1	39	0	1	0	127.300000	551.940000	10.125000	9.000000	-1	###LINE###
5	1	39	0	1	0	127.30	551.94	10.13	9.00	100	NA
4	1	39	0	2	0	127.300000	559.540000	3.159000	9.000000	-1	###LINE###
5	1	39	0	2	0	127.30	559.54	3.16	9.00	100	*
4	1	39	0	3	0	127.300000	567.140000	8.712000	9.000000	-1	###LINE###
5	1	39	0	3	0	127.30	567.14	8.71	9.00	100	12
4	1	39	0	4	0	127.300000	574.740000	8.712000	9.000000	-1	###LINE###
5	1	39	0	4	0	127.30	574.74	8.71	9.00	100	10
4	1	39	0	5	0	127.300000	582.340000	8.712000	9.000000	-1	###LINE###
5	1	39	0	5	0	127.30	582.34	8.71	9.00	100	12
4	1	39	0	6	0	127.300000	594.640000	8.712000	9.000000	-1	###LINE###
5	1	39	0	6	0	127.30	594.64	8.71	9.00	100	10
4	1	39	0	7	0	127.300000	602.240000	8.712000	9.000000	-1	###LINE###
5	1	39	0	7	0	127.30	602.24	8.71	9.00	100	12
4	1	39	0	8	0	127.300000	609.840000	8.712000	9.000000	-1	###LINE###
5	1	39	0	8	0	127.30	609.84	8.71	9.00	100	10
4	1	39	0	9	0	127.300000	617.440000	8.712000	9.000000	-1	###LINE###
5	1	39	0	9	0	127.30	617.44	8.71	9.00	100	12
4	1	39	0	10	0	127.300000	625.040000	8.712000	9.000000	-1	###LINE###
5	1	39	0	10	0	127.30	625.04	8.71	9.00	100	10
4	1	39	0	11	0	127.300000	632.640000	8.712000	9.000000	-1	###LINE###
5	1	39	0	11	0	127.30	632.64	8.71	9.00	100	12
4	1	39	0	12	0	127.300000	644.940000	8.712000	9.000000	-1	###LINE###
5	1	39	0	12	0	127.30	644.94	8.71	9.00	100	10
4	1	39	0	13	0	127.300000	652.540000	8.712000	9.000000	-1	###LINE###
5	1	39	0	13	0	127.30	652.54	8.71	9.00	100	12
4	1	39	0	14	0	127.300000	660.140000	8.712000	9.000000	-1	###LINE###
5	1	39	0	14	0	127.30	660.14	8.71	9.00	100	10
4	1	39	0	15	0	127.300000	667.740000	8.712000	9.000000	-1	###LINE###
5	1	39	0	15	0	127.30	667.74	8.71	9.00	100	12
4	1	39	0	16	0	127.300000	675.340000	8.712000	9.000000	-1	###LINE###
5	1	39	0	16	0	127.30	675.34	8.71	9.00	100	10
4	1	39	0	17	0	127.300000	682.940000	8.712000	9.000000	-1	###LINE###
5	1	39	0	17	0	127.30	682.94	8.71	9.00	100	12
3	1	40	0	0	0	182.300000	544.340000	10.125000	147.600000	-1	###FLOW###
4	1	40	0	0	0	182.300000	544.340000	10.125000	9.000000	-1	###LINE###
5	1	40	0	0	0	182.30	544.34	10.13	9.00	100	NA
4	1	40	0	1	0	182.300000	551.940000	10.125000	9.000000	-1	###LINE###
5	1	40	0	1	0	182.30	551.94	10.13	9.00	100	NA
4	1	40	0	2	0	182.300000	559.540000	10.125000	9.000000	-1	###LINE###
5	1	40	0	2	0	182.30	559.54	10.13	9.00	100	NA
4	1	40	0	3	0	182.300000	567.140000	4.356000	9.000000	-1	###LINE###
5	1	40	0	3	0	182.30	567.14	4.36	9.00	100	9
4	1	40	0	4	0	182.300000	574.740000	4.356000	9.000000	-1	###LINE###
5	1	40	0	4	0	182.30	574.74	4.36	9.00	100	9
4	1	40	0	5	0	182.300000	582.340000	4.356000	9.000000	-1	###LINE###
5	1	40	0	5	0	182.30	582.34	4.36	9.00	100	9
4	1	40	0	6	0	182.300000	594.640000	4.356000	9.000000	-1	###LINE###
5	1	40	0	6	0	182.30	594.64	4.36	9.00	100	9
4	1	40	0	7	0	182.300000	602.240000	4.356000	9.000000	-1	###LINE###
5	1	40	0	7	0	182.30	602.24	4.36	9.00	100	9
4	1	40	0	8	0	182.300000	609.840000	4.356000	9.000000	-1	###LINE###
5	1	40	0	8	0	182.30	609.84	4.36	9.00	100	9
4	1	40	0	9	0	182.300000	617.440000	4.356000	9.000000	-1	###LINE###
5	1	40	0	9	0	182.30	617.44	4.36	9.00	100	9
4	1	40	0	10	0	182.300000	625.040000	4.356000	9.000000	-1	###LINE###
5	1	40	0	10	0	182.30	625.04	4.36	9.00	100	9
4	1	40	0	11	0	182.300000	632.640000	4.356000	9.000000	-1	###LINE###
5	1	40	0	11	0	182.30	632.64	4.36	9.00	100	9
4	1	40	0	12	0	182.300000	644.940000	4.356000	9.000000	-1	###LINE###
5	1	40	0	12	0	182.30	644.94	4.36	9.00	100	9
4	1	40	0	13	0	182.300000	652.540000	4.356000	9.000000	-1	###LINE###
5	1	40	0	13	0	182.30	652.54	4.36	9.00	100	9
4	1	40	0	14	0	182.300000	660.140000	4.356000	9.000000	-1	###LINE###
5	1	40	0	14	0	182.30	660.14	4.36	9.00	100	9
4	1	40	0	15	0	182.300000	667.740000	4.356000	9.000000	-1	###LINE###
5	1	40	0	15	0	182.30	667.74	4.36	9.00	100	9
4	1	40	0	16	0	182.300000	675.340000	4.356000	9.000000	-1	###LINE###
5	1	40	0	16	0	182.30	675.34	4.36	9.00	100	9
4	1	40	0	17	0	182.300000	682.940000	4.356000	9.000000	-1	###LINE###
5	1	40	0	17	0	182.30	682.94	4.36	9.00	100	9
3	1	41	0	0	0	228.100000	544.340000	46.440000	147.600000	-1	###FLOW###
4	1	41	0	0	0	228.100000	544.340000	21.780000	9.000000	-1	###LINE###
5	1	41	0	0	0	228.10	544.34	21.78	9.00	100	96744
4	1	41	0	1	0	228.100000	551.940000	46.440000	9.000000	-1	###LINE###
5	1	41	0	1	0	228.10	551.94	46.44	9.00	100	96745-96757
4	1	41	0	2	0	228.100000	559.540000	46.440000	9.000000	-1	###LINE###
5	1	41	0	2	0	228.10	559.54	46.44	9.00	100	96758-96759
4	1	41	0	3	0	228.100000	567.140000	46.440000	9.000000	-1	###LINE###
5	1	41	0	3	0	228.10	567.14	46.44	9.00	100	96760-96761
4	1	41	0	4	0	228.100000	574.740000	21.780000	9.000000	-1	###LINE###
5	1	41	0	4	0	228.10	574.74	21.78	9.00	100	96762
4	1	41	0	5	0	228.100000	582.340000	46.440000	9.000000	-1	###LINE###
5	1	41	0	5	0	228.10	582.34	46.44	9.00	100	96763-96774
4	1	41	0	6	0	228.100000	594.640000	21.780000	9.000000	-1	###LINE###
5	1	41	0	6	0	228.10	594.64	21.78	9.00	100	96775
4	1	41	0	7	0	228.100000	602.240000	46.440000	9.000000	-1	###LINE###
5	1	41	0	7	0	228.10	602.24	46.44	9.00	100	96776-96781
4	1	41	0	8	0	228.100000	609.840000	21.780000	9.000000	-1	###LINE###
5	1	41	0	8	0	228.10	609.84	21.78	9.00	100	96782
4	1	41	0	9	0	228.100000	617.440000	46.440000	9.000000	-1	###LINE###
5	1	41	0	9	0	228.10	617.44	46.44	9.00	100	96783-96785
4	1	41	0	10	0	228.100000	625.040000	21.780000	9.000000	-1	###LINE###
5	1	41	0	10	0	228.10	625.04	21.78	9.00	100	96786
4	1	41	0	11	0	228.100000	632.640000	46.440000	9.000000	-1	###LINE###
5	1	41	0	11	0	228.10	632.64	46.44	9.00	100	96787-96788
4	1	41	0	12	0	228.100000	644.940000	21.780000	9.000000	-1	###LINE###
5	1	41	0	12	0	228.10	644.94	21.78	9.00	100	96789
4	1	41	0	13	0	228.100000	652.540000	21.780000	9.000000	-1	###LINE###
5	1	41	0	13	0	228.10	652.54	21.78	9.00	100	96790
4	1	41	0	14	0	228.100000	660.140000	46.440000	9.000000	-1	###LINE###
5	1	41	0	14	0	228.10	660.14	46.44	9.00	100	96791-96792
4	1	41	0	15	0	228.100000	667.740000	21.780000	9.000000	-1	###LINE###
5	1	41	0	15	0	228.10	667.74	21.78	9.00	100	96793
4	1	41	0	16	0	228.100000	675.340000	46.440000	9.000000	-1	###LINE###
5	1	41	0	16	0	228.10	675.34	46.44	9.00	100	96794-96795
4	1	41	0	17	0	228.100000	682.940000	21.780000	9.000000	-1	###LINE###
5	1	41	0	17	0	228.10	682.94	21.78	9.00	100	96796
3	1	42	0	0	0	309.100000	544.340000	8.712000	147.600000	-1	###FLOW###
4	1	42	0	0	0	309.100000	544.340000	8.712000	9.000000	-1	###LINE###
5	1	42	0	0	0	309.10	544.34	8.71	9.00	100	10
4	1	42	0	1	0	309.100000	551.940000	8.712000	9.000000	-1	###LINE###
5	1	42	0	1	0	309.10	551.94	8.71	9.00	100	12
4	1	42	0	2	0	309.100000	559.540000	8.712000	9.000000	-1	###LINE###
5	1	42	0	2	0	309.10	559.54	8.71	9.00	100	10
4	1	42	0	3	0	309.100000	567.140000	8.712000	9.000000	-1	###LINE###
5	1	42	0	3	0	309.10	567.14	8.71	9.00	100	12
4	1	42	0	4	0	309.100000	574.740000	8.712000	9.000000	-1	###LINE###
5	1	42	0	4	0	309.10	574.74	8.71	9.00	100	10
4	1	42	0	5	0	309.100000	582.340000	8.712000	9.000000	-1	###LINE###
5	1	42	0	5	0	309.10	582.34	8.71	9.00	100	12
4	1	42	0	6	0	309.100000	594.640000	8.712000	9.000000	-1	###LINE###
5	1	42	0	6	0	309.10	594.64	8.71	9.00	100	10
4	1	42	0	7	0	309.100000	602.240000	8.712000	9.000000	-1	###LINE###
5	1	42	0	7	0	309.10	602.24	8.71	9.00	100	12
4	1	42	0	8	0	309.100000	609.840000	8.712000	9.000000	-1	###LINE###
5	1	42	0	8	0	309.10	609.84	8.71	9.00	100	10
4	1	42	0	9	0	309.100000	617.440000	8.712000	9.000000	-1	###LINE###
5	1	42	0	9	0	309.10	617.44	8.71	9.00	100	12
4	1	42	0	10	0	309.100000	625.040000	8.712000	9.000000	-1	###LINE###
5	1	42	0	10	0	309.10	625.04	8.71	9.00	100	10
4	1	42	0	11	0	309.100000	632.640000	8.712000	9.000000	-1	###LINE###
5	1	42	0	11	0	309.10	632.64	8.71	9.00	100	12
4	1	42	0	12	0	309.100000	644.940000	8.712000	9.000000	-1	###LINE###
5	1	42	0	12	0	309.10	644.94	8.71	9.00	100	10
4	1	42	0	13	0	309.100000	652.540000	8.712000	9.000000	-1	###LINE###
5	1	42	0	13	0	309.10	652.54	8.71	9.00	100	12
4	1	42	0	14	0	309.100000	660.140000	8.712000	9.000000	-1	###LINE###
5	1	42	0	14	0	309.10	660.14	8.71	9.00	100	10
4	1	42	0	15	0	309.100000	667.740000	8.712000	9.000000	-1	###LINE###
5	1	42	0	15	0	309.10	667.74	8.71	9.00	100	12
4	1	42	0	16	0	309.100000	675.340000	8.712000	9.000000	-1	###LINE###
5	1	42	0	16	0	309.10	675.34	8.71	9.00	100	10
4	1	42	0	17	0	309.100000	682.940000	8.712000	9.000000	-1	###LINE###
5	1	42	0	17	0	309.10	682.94	8.71	9.00	100	12
3	1	43	0	0	0	364.100000	544.340000	4.356000	147.600000	-1	###FLOW###
4	1	43	0	0	0	364.100000	544.340000	4.356000	9.000000	-1	###LINE###
5	1	43	0	0	0	364.10	544.34	4.36	9.00	100	9
4	1	43	0	1	0	364.100000	551.940000	4.356000	9.000000	-1	###LINE###
5	1	43	0	1	0	364.10	551.94	4.36	9.00	100	9
4	1	43	0	2	0	364.100000	559.540000	4.356000	9.000000	-1	###LINE###
5	1	43	0	2	0	364.10	559.54	4.36	9.00	100	9
4	1	43	0	3	0	364.100000	567.140000	4.356000	9.000000	-1	###LINE###
5	1	43	0	3	0	364.10	567.14	4.36	9.00	100	9
4	1	43	0	4	0	364.100000	574.740000	4.356000	9.000000	-1	###LINE###
5	1	43	0	4	0	364.10	574.74	4.36	9.00	100	9
4	1	43	0	5	0	364.100000	582.340000	4.356000	9.000000	-1	###LINE###
5	1	43	0	5	0	364.10	582.34	4.36	9.00	100	9
4	1	43	0	6	0	364.100000	594.640000	4.356000	9.000000	-1	###LINE###
5	1	43	0	6	0	364.10	594.64	4.36	9.00	100	9
4	1	43	0	7	0	364.100000	602.240000	4.356000	9.000000	-1	###LINE###
5	1	43	0	7	0	364.10	602.24	4.36	9.00	100	9
4	1	43	0	8	0	364.100000	609.840000	4.356000	9.000000	-1	###LINE###
5	1	43	0	8	0	364.10	609.84	4.36	9.00	100	9
4	1	43	0	9	0	364.100000	617.440000	4.356000	9.000000	-1	###LINE###
5	1	43	0	9	0	364.10	617.44	4.36	9.00	100	9
4	1	43	0	10	0	364.100000	625.040000	4.356000	9.000000	-1	###LINE###
5	1	43	0	10	0	364.10	625.04	4.36	9.00	100	9
4	1	43	0	11	0	364.100000	632.640000	4.356000	9.000000	-1	###LINE###
5	1	43	0	11	0	364.10	632.64	4.36	9.00	100	9
4	1	43	0	12	0	364.100000	644.940000	4.356000	9.000000	-1	###LINE###
5	1	43	0	12	0	364.10	644.94	4.36	9.00	100	9
4	1	43	0	13	0	364.100000	652.540000	4.356000	9.000000	-1	###LINE###
5	1	43	0	13	0	364.10	652.54	4.36	9.00	100	9
4	1	43	0	14	0	364.100000	660.140000	4.356000	9.000000	-1	###LINE###
5	1	43	0	14	0	364.10	660.14	4.36	9.00	100	9
4	1	43	0	15	0	364.100000	667.740000	4.356000	9.000000	-1	###LINE###
5	1	43	0	15	0	364.10	667.74	4.36	9.00	100	9
4	1	43	0	16	0	364.100000	675.340000	4.356000	9.000000	-1	###LINE###
5	1	43	0	16	0	364.10	675.34	4.36	9.00	100	9
4	1	43	0	17	0	364.100000	682.940000	4.356000	9.000000	-1	###LINE###
5	1	43	0	17	0	364.10	682.94	4.36	9.00	100	9
3	1	44	0	0	0	409.900000	544.340000	46.440000	117.200000	-1	###FLOW###
4	1	44	0	0	0	409.900000	544.340000	21.780000	9.000000	-1	###LINE###
5	1	44	0	0	0	409.90	544.34	21.78	9.00	100	96797
4	1	44	0	1	0	409.900000	551.940000	46.440000	9.000000	-1	###LINE###
5	1	44	0	1	0	409.90	551.94	46.44	9.00	100	96798-96800
4	1	44	0	2	0	409.900000	559.540000	46.440000	9.000000	-1	###LINE###
5	1	44	0	2	0	409.90	559.54	46.44	9.00	100	96801-96863
4	1	44	0	3	0	409.900000	567.140000	46.440000	9.000000	-1	###LINE###
5	1	44	0	3	0	409.90	567.14	46.44	9.00	100	96864-96899
4	1	44	0	4	0	409.900000	574.740000	46.440000	9.000000	-1	###LINE###
5	1	44	0	4	0	409.90	574.74	46.44	9.00	100	96900-96999
4	1	44	0	5	0	409.900000	582.340000	21.780000	9.000000	-1	###LINE###
5	1	44	0	5	0	409.90	582.34	21.78	9.00	100	99500
4	1	44	0	6	0	409.900000	594.640000	46.440000	9.000000	-1	###LINE###
5	1	44	0	6	0	409.90	594.64	46.44	9.00	100	99501-99524
4	1	44	0	7	0	409.900000	602.240000	46.440000	9.000000	-1	###LINE###
5	1	44	0	7	0	409.90	602.24	46.44	9.00	100	99525-99539
4	1	44	0	8	0	409.900000	609.840000	21.780000	9.000000	-1	###LINE###
5	1	44	0	8	0	409.90	609.84	21.78	9.00	100	99540
4	1	44	0	9	0	409.900000	617.440000	46.440000	9.000000	-1	###LINE###
5	1	44	0	9	0	409.90	617.44	46.44	9.00	100	99541-99566
4	1	44	0	10	0	409.900000	625.040000	21.780000	9.000000	-1	###LINE###
5	1	44	0	10	0	409.90	625.04	21.78	9.00	100	99567
4	1	44	0	11	0	409.900000	632.640000	46.440000	9.000000	-1	###LINE###
5	1	44	0	11	0	409.90	632.64	46.44	9.00	100	99568-99576
4	1	44	0	12	0	409.900000	644.940000	21.780000	9.000000	-1	###LINE###
5	1	44	0	12	0	409.90	644.94	21.78	9.00	100	99577
4	1	44	0	13	0	409.900000	652.540000	46.440000	9.000000	-1	###LINE###
5	1	44	0	13	0	409.90	652.54	46.44	9.00	100	99578-99999
3	1	45	0	0	0	490.900000	544.340000	10.125000	117.200000	-1	###FLOW###
4	1	45	0	0	0	490.900000	544.340000	8.712000	9.000000	-1	###LINE###
5	1	45	0	0	0	490.90	544.34	8.71	9.00	100	10
4	1	45	0	1	0	490.900000	551.940000	8.712000	9.000000	-1	###LINE###
5	1	45	0	1	0	490.90	551.94	8.71	9.00	100	12
4	1	45	0	2	0	490.900000	559.540000	8.712000	9.000000	-1	###LINE###
5	1	45	0	2	0	490.90	559.54	8.71	9.00	100	10
4	1	45	0	3	0	490.900000	567.140000	8.712000	9.000000	-1	###LINE###
5	1	45	0	3	0	490.90	567.14	8.71	9.00	100	12
4	1	45	0	4	0	490.900000	574.740000	10.125000	9.000000	-1	###LINE###
5	1	45	0	4	0	490.90	574.74	10.13	9.00	100	NA
4	1	45	0	5	0	490.900000	582.340000	8.712000	9.000000	-1	###LINE###
5	1	45	0	5	0	490.90	582.34	8.71	9.00	100	11
4	1	45	0	6	0	490.900000	594.640000	4.356000	9.000000	-1	###LINE###
5	1	45	0	6	0	490.90	594.64	4.36	9.00	100	9
4	1	45	0	7	0	490.900000	602.240000	8.712000	9.000000	-1	###LINE###
5	1	45	0	7	0	490.90	602.24	8.71	9.00	100	11
4	1	45	0	8	0	490.900000	609.840000	4.356000	9.000000	-1	###LINE###
5	1	45	0	8	0	490.90	609.84	4.36	9.00	100	9
4	1	45	0	9	0	490.900000	617.440000	8.712000	9.000000	-1	###LINE###
5	1	45	0	9	0	490.90	617.44	8.71	9.00	100	11
4	1	45	0	10	0	490.900000	625.040000	4.356000	9.000000	-1	###LINE###
5	1	45	0	10	0	490.90	625.04	4.36	9.00	100	9
4	1	45	0	11	0	490.900000	632.640000	8.712000	9.000000	-1	###LINE###
5	1	45	0	11	0	490.90	632.64	8.71	9.00	100	11
4	1	45	0	12	0	490.900000	644.940000	4.356000	9.000000	-1	###LINE###
5	1	45	0	12	0	490.90	644.94	4.36	9.00	100	9
4	1	45	0	13	0	490.900000	652.540000	8.712000	9.000000	-1	###LINE###
5	1	45	0	13	0	490.90	652.54	8.71	9.00	100	11
3	1	46	0	0	0	545.900000	544.340000	10.125000	117.200000	-1	###FLOW###
4	1	46	0	0	0	545.900000	544.340000	4.356000	9.000000	-1	###LINE###
5	1	46	0	0	0	545.90	544.34	4.36	9.00	100	9
4	1	46	0	1	0	545.900000	551.940000	4.356000	9.000000	-1	###LINE###
5	1	46	0	1	0	545.90	551.94	4.36	9.00	100	9
4	1	46	0	2	0	545.900000	559.540000	4.356000	9.000000	-1	###LINE###
5	1	46	0	2	0	545.90	559.54	4.36	9.00	100	9
4	1	46	0	3	0	545.900000	567.140000	4.356000	9.000000	-1	###LINE###
5	1	46	0	3	0	545.90	567.14	4.36	9.00	100	9
4	1	46	0	4	0	545.900000	574.740000	10.125000	9.000000	-1	###LINE###
5	1	46	0	4	0	545.90	574.74	10.13	9.00	100	NA
4	1	46	0	5	0	545.900000	582.340000	8.712000	9.000000	-1	###LINE###
5	1	46	0	5	0	545.90	582.34	8.71	9.00	100	17
4	1	46	0	6	0	545.900000	594.640000	8.712000	9.000000	-1	###LINE###
5	1	46	0	6	0	545.90	594.64	8.71	9.00	100	17
4	1	46	0	7	0	545.900000	602.240000	8.712000	9.000000	-1	###LINE###
5	1	46	0	7	0	545.90	602.24	8.71	9.00	100	17
4	1	46	0	8	0	545.900000	609.840000	8.712000	9.000000	-1	###LINE###
5	1	46	0	8	0	545.90	609.84	8.71	9.00	100	17
4	1	46	0	9	0	545.900000	617.440000	8.712000	9.000000	-1	###LINE###
5	1	46	0	9	0	545.90	617.44	8.71	9.00	100	17
4	1	46	0	10	0	545.900000	625.040000	8.712000	9.000000	-1	###LINE###
5	1	46	0	10	0	545.90	625.04	8.71	9.00	100	17
4	1	46	0	11	0	545.900000	632.640000	8.712000	9.000000	-1	###LINE###
5	1	46	0	11	0	545.90	632.64	8.71	9.00	100	17
4	1	46	0	12	0	545.900000	644.940000	8.712000	9.000000	-1	###LINE###
5	1	46	0	12	0	545.90	644.94	8.71	9.00	100	17
4	1	46	0	13	0	545.900000	652.540000	8.712000	9.000000	-1	###LINE###
5	1	46	0	13	0	545.90	652.54	8.71	9.00	100	17
3	1	47	0	0	0	43.769000	719.737400	272.475900	45.792000	-1	###FLOW###
4	1	47	0	0	0	43.769000	719.737400	258.903000	11.799000	-1	###LINE###
5	1	47	0	0	0	43.77	719.74	20.06	11.80	100	FedEx
5	1	47	0	0	1	65.41	719.74	26.97	11.80	100	reserves
5	1	47	0	0	2	93.95	719.74	10.83	11.80	100	the
5	1	47	0	0	3	106.35	719.74	15.41	11.80	100	right
5	1	47	0	0	4	123.34	719.74	6.89	11.80	100	to
5	1	47	0	0	5	131.81	719.74	22.88	11.80	100	modify
5	1	47	0	0	6	156.26	719.74	7.65	11.80	100	its
5	1	47	0	0	7	165.49	719.74	25.62	11.80	100	services
5	1	47	0	0	8	192.68	719.74	12.36	11.80	100	and
5	1	47	0	0	9	206.61	719.74	15.56	11.80	100	zone
5	1	47	0	0	10	223.75	719.74	29.45	11.80	100	structure
5	1	47	0	0	11	254.77	719.74	24.97	11.80	100	without
5	1	47	0	0	12	281.32	719.74	21.35	11.80	100	notice.
4	1	47	0	1	0	44.080400	731.734400	272.164500	11.799000	-1	###LINE###
5	1	47	0	1	0	44.08	731.73	19.71	11.80	100	Zones
5	1	47	0	1	1	65.27	731.73	17.21	11.80	100	differ
5	1	47	0	1	2	83.97	731.73	9.20	11.80	100	for
5	1	47	0	1	3	94.66	731.73	19.70	11.80	100	FedEx
5	1	47	0	1	4	115.84	731.73	24.94	11.80	100	Express
5	1	47	0	1	5	142.27	731.73	12.27	11.80	100	and
5	1	47	0	1	6	156.02	731.73	19.70	11.80	100	FedEx
5	1	47	0	1	7	177.21	731.73	24.21	11.80	100	Ground
5	1	47	0	1	8	202.91	731.73	25.30	11.80	100	services
5	1	47	0	1	9	229.70	731.73	23.85	11.80	100	outside
5	1	47	0	1	10	255.04	731.73	10.74	11.80	100	the
5	1	47	0	1	11	267.26	731.73	35.42	11.80	100	contiguous
5	1	47	0	1	12	304.17	731.73	12.08	11.80	100	U.S.
4	1	47	0	2	0	43.994000	741.733400	223.884000	12.798000	-1	###LINE###
5	1	47	0	2	0	43.99	742.73	17.51	11.80	100	Refer
5	1	47	0	2	1	63.25	742.73	6.98	11.80	100	to
5	1	47	0	2	2	71.99	742.73	11.01	11.80	100	the
5	1	47	0	2	3	84.75	742.73	21.67	11.80	100	FedEx
5	1	47	0	2	4	107.81	742.73	26.51	11.80	100	Service
5	1	47	0	2	5	135.70	742.73	20.51	11.80	100	Guide
5	1	47	0	2	6	157.97	742.73	6.98	11.80	100	to
5	1	47	0	2	7	166.71	742.73	33.99	11.80	100	determine
5	1	47	0	2	8	202.45	742.73	14.77	11.80	100	your
5	1	47	0	2	9	218.97	742.73	28.31	11.80	100	shipping
5	1	47	0	2	10	249.04	741.73	18.84	12.80	100	costs.
4	1	47	0	3	0	44.012000	753.730400	161.177400	11.799000	-1	###LINE###
5	1	47	0	3	0	44.01	753.73	10.13	11.80	100	NA
5	1	47	0	3	1	55.98	753.73	4.36	11.80	100	=
5	1	47	0	3	2	62.18	753.73	12.45	11.80	100	Not
5	1	47	0	3	3	76.47	753.73	34.15	11.80	100	applicable
5	1	47	0	3	4	112.46	753.73	7.12	11.80	100	or
5	1	47	0	3	5	121.42	753.73	10.85	11.80	100	ZIP
5	1	47	0	3	6	134.10	753.73	24.80	11.80	100	code(s)
5	1	47	0	3	7	160.74	753.73	11.42	11.80	100	not
5	1	47	0	3	8	174.00	753.73	31.19	11.80	100	assigned.
3	1	48	0	0	0	325.348000	722.340000	186.318000	19.000000	-1	###FLOW###
4	1	48	0	0	0	325.348000	722.340000	186.318000	9.000000	-1	###LINE###
5	1	48	0	0	0	325.35	722.34	28.49	9.00	100	*Consult
5	1	48	0	0	1	355.52	722.34	11.10	9.00	100	the
5	1	48	0	0	2	368.29	722.34	20.42	9.00	100	FedEx
5	1	48	0	0	3	390.38	722.34	24.01	9.00	100	Service
5	1	48	0	0	4	416.07	722.34	19.66	9.00	100	Guide
5	1	48	0	0	5	437.41	722.34	7.12	9.00	100	or
5	1	48	0	0	6	446.20	722.34	10.96	9.00	100	call
5	1	48	0	0	7	458.84	722.34	52.83	9.00	100	1.800.463.3339
4	1	48	0	1	0	328.348000	732.340000	146.556000	9.000000	-1	###LINE###
5	1	48	0	1	0	328.35	732.34	9.56	9.00	100	for
5	1	48	0	1	1	339.58	732.34	38.93	9.00	100	information
5	1	48	0	1	2	380.19	732.34	8.55	9.00	100	on
5	1	48	0	1	3	390.41	732.34	34.67	9.00	100	shipments
5	1	48	0	1	4	426.75	732.34	7.03	9.00	100	to
5	1	48	0	1	5	435.46	732.34	22.28	9.00	100	Puerto
5	1	48	0	1	6	459.41	732.34	15.50	9.00	100	Rico.
3	1	49	0	0	0	557.666000	766.921000	27.307000	9.177000	-1	###FLOW###
4	1	49	0	0	0	557.666000	766.921000	27.307000	9.177000	-1	###LINE###
5	1	49	0	0	0	557.67	766.92	27.31	9.18	100	2124446R
